icao24,firstseen,takeofftime,lastseen,landingtime,callsign,estdepartureairport,airportofdeparture,estarrivalairport,airportofdestination,model, typecode, registration
4d02b7,1662218243.0,1662218141.0,1662223698,1662223771.0,JFA53H  ,LSGK,LSGK,LFOV,LFOV,Pilatus PC-XII 45,PC12,LX-JFK
0d08a5,1662163566.0,,1662177445,,AMX684  ,,,,,737NG 852/W,B738,XA-AMO
4d2242,1662194403.0,,1662201736,,RYR991N ,,,LFBD,,Boeing 737-8AS (W),B738,9H-QCD
a6d579,1662224072.0,,1662230686,,N5399K  ,K1C5,,K1C5,,172P,,N5399K
a8e6dc,1662244128.0,,1662247867,,N673    ,KMVY,,KCON,,182P,,N673
a32b22,1662211806.0,,1662214317,,N303GW  ,KPWK,,,,SF50,,N303GW
aa568e,1662241592.0,,1662244007,,UAL1108 ,,,KDEN,,737-824,B738,N76502
ac4e92,1662244421.0,,1662245548,,GAJ892  ,KNUQ,,KAPC,,B300,,N892UP
4ca84a,1662189773.0,1662189774.0,1662197126,1662197159.0,RYR1ZK  ,ESGG,ESGG,LIME,LIME,BOEING 737-8AS,B738,EI-EMB
4ca703,1662193710.0,,1662202108,,RYR8WH  ,LEPA,,EGNV,,BOEING 737-8AS,B738,EI-EBF
3ce3d6,1662184769.0,,1662187377,,PAV903  ,EDDM,,EDDB,,Embraer Phenom 300E,E55P,D-CNOW
76b44b,1662244476.0,,1662247200,,SIA437  ,,,WSAC,,Boeing 737 MAX 8,B38M,9V-MBK
a03ce6,1662161590.0,,1662172209,,AAL1545 ,KPHX,,KBNA,,A320-214,A320,N114UW
8881a5,1662208697.0,,1662209907,,BAV1419 ,VVGL,,,,Airbus A320-251N,A20N,VN-A599
800c90,1662168407.0,,1662171677,,IGO6812 ,,,,,Airbus A320-271N,A20N,VT-IVG
770593,1662150117.0,,1662188009,,ALK266  ,OERK,,,,Airbus A330-243,A332,4R-ALS
a462c4,1662246661.0,,1662247454,,N382AM  ,KPDK,,36GA,,EC 130 B4,EC30,N382AM
a771af,1662173432.0,,1662182247,,AAL1910 ,KDFW,,KONT,,A321-231,A321,N579UW
0d0771,1662215122.0,,1662232194,,AMX681  ,CYUL,,,,737NG 852/W,B738,XA-AME
a9c1d7,1662214501.0,,1662217280,,CFS8695 ,KSEA,,KBLI,,208B,C208,N728FX
4cc55d,1662146226.0,,1662168689,,ABD613  ,EBLG,,OMDW,,,,
71c364,1662176109.0,,1662178175,,AAR8922 ,,,RKSS,,Airbus A321-251NX,A21N,HL8364
aa7e7a,1662156433.0,,1662174987,,UAL351  ,KDCA,,KSFO,,737-824,B738,N77536
ad35ed,1662223641.0,,1662235821,,FDY802  ,KLAX,,KLAS,,208B,C208,N950PA
155bf7,1662193877.0,,1662202917,,AZO849  ,UUWW,,,,Superjet 100 95 LR,SU95,RA-89079
4b17f8,1662212333.0,1662212334.0,1662220100,1662220019.0,SWR145W ,LROP,LROP,LSZH,LSZH,BD-500-1A11 (CS300),BCS3,HB-JCA
3c6598,1662233943.0,1662233944.0,1662239996,,DLH02K  ,EDDM,EDDM,,LEBB,A319 114,A319,D-AILX
407978,1662214690.0,,1662219510,,GSNDS   ,EGJB,,EGTR,,,,
a0068f,1662164475.0,,1662165862,,N100V   ,KDTO,,,,C90,BE9L,N100V
4ca566,1662206053.0,1662206054.0,1662211018,1662211014.0,RYR19AE ,LIMC,LIMC,LEBL,LEBL,BOEING 737-8AS,B738,EI-DWA
a0b6f5,1662194946.0,,1662195741,,N145TJ  ,KLOM,,KPHL,,MBB-BK 117 C-2,EC45,N145TJ
8963f7,1662163753.0,,1662191329,,UAE322  ,OMDB,,RKSI,,A380 861,A388,A6-EOZ
a4d011,1662169731.0,,1662176814,,SWA1396 ,KBWI,,KSRQ,,737-7H4,B737,N409WN
c81ca7,1662243926.0,,1662249172,,ZKLJJ   ,NZCH,,NZCH,,PA-28-161 Cherokee Warrior II,P28A,ZK-LJJ
48c130,1662223171.0,1662223172.0,1662228417,1662228358.0,RYR41DP ,EKCH,EKCH,LHBP,LHBP,Boeing 737-8AS (W),B738,SP-RKR
a08f6b,1662242203.0,,1662246539,,SKW4781 ,KDEN,,12XA,,ERJ 170-200 LR,E75L,N135SY
ad6da6,1662223434.0,,1662224694,,FDY37   ,KOWD,,MA55,,208,C208,N9642F
a120ff,1662212380.0,,1662214571,,N172E   ,,,54ME,,172M,,N172E
a010fe,1662233861.0,,1662234582,,N103MT  ,KJWN,,KJWN,,MBB-BK 117 C-2,,N103MT
4d231c,1662188257.0,1662188187.0,1662195261,1662195330.0,TOM5618 ,EGKK,EGKK,LEPA,LEPA,Airbus A320-232,A320,9H-AMH
8003b1,1662185472.0,,1662186899,,AXB535  ,,,OMSJ,,737NG 8HG/W,B738,VT-AXM
ad14b6,1662180106.0,,1662182272,,N942BG  ,,,KF82,,B300,B350,N942BG
a9cb9e,1662235771.0,,1662239514,,CPT7583 ,KBIS,,NA17,,208B,C208,N730FX
a3b13f,1662225647.0,,1662226738,,EJA337  ,,,,,EMB-505,E55P,N337QS
a17c95,1662208425.0,,1662213077,,AAL1228 ,KSTL,,SC08,,A321-211,A321,N195UW
8013fb,1662192691.0,,1662194812,,IGO1789 ,,,VOBL,,Airbus A320-251N,A20N,VT-ISP
a7f432,1662166940.0,,1662168787,,N611TV  ,KFME,,KFME,,Robinson R66 Turbine,R66,N611TV
adaee8,1662210912.0,,1662220495,,AAL2653 ,,,KDFW,,737NG 823/W,B738,N981AN
a83781,1662160752.0,,1662174081,,UAL2084 ,KORD,,KSFO,,737-924ER,B739,N62883
424187,1662201829.0,,1662202497,,KNE022  ,,,OERK,,A320 214,A320,VP-CXM
a25238,1662243517.0,,1662246927,,JBU1414 ,KDCA,,KMVY,,ERJ 190-100 IGW,E190,N249JB
3451d4,1662219425.0,1662219426.0,1662222456,1662222426.0,VLG582M ,LEIB,LEIB,LEMD,LEMD,A320 232SL,A320,EC-MKN
a445a2,1662232074.0,,1662233902,,N3744Y  ,,,KBJC,,,,
3004c2,1662235507.0,,1662238062,1662238061.0,NOS6071 ,,LIEO,LIMC,LIMC,737NG 86N/W,B738,I-NEOZ
e80272,1662163603.0,,1662164309,,LPE2121 ,SPJC,,,,A320 214SL,A320,CC-BFO
ae68ad,1662221834.0,,1662230394,,        ,TJSJ,,,,328-110 C-146A,D328,97-3091
88816c,1662189927.0,,1662191272,,HVN253  ,VVGL,,,,Airbus A321-272N,A21N,VN-A621
e48b18,1662200417.0,,1662201040,,PRFDA   ,,,SIVU,,,,
ad623a,1662224091.0,,1662226705,,N9610E  ,KBVO,,KOUN,,17-30A,,N9610E
151ffa,1662194864.0,,1662203823,,AFL1593 ,,,UUEE,,,,
ac9bad,1662245796.0,,1662248043,,N911PF  ,KHTO,,KHPN,,SR20,,N911PF
4bb84d,1662166631.0,,1662179770,,PGT1788 ,EGCC,,LTBS,,,,
4baac1,1662211848.0,,1662212459,,THY5JP  ,,,LTBA,,737NG 8F2/W,B738,TC-JVA
ab879f,1662235104.0,,1662246042,,DAL920  ,KMSP,,KLAX,,737-932ER,B739,N842DN
4d233e,1662220780.0,,1662230446,1662230422.0,GJT3328 ,,LGIR,EYVI,EYVI,Airbus A320-232,A320,9H-HUB
398564,1662201552.0,1662201405.0,1662205781,1662205649.0,AFR37UN ,LFRS,LFRS,EHAM,EHAM,EMB-190 LR,E190,F-HBLE
3964f0,1662182681.0,1662182682.0,1662189083,1662189058.0,TVF52BX ,LPPR,LPPR,LFPO,LFPO,737NG 8K2/W,B738,F-GZHQ
a44a6d,1662160408.0,,1662173549,,DAL1064 ,KCLT,,KSLC,,A321-211,,N376DN
896503,1662202202.0,,1662205563,,ABY376  ,,,OMSJ,,Airbus A320-214,A320,A6-AOW
ac33a7,1662214696.0,,1662216064,,N8856W  ,5OK4,,KSRE,,PA-28-235,,N8856W
e0b0c5,1662244909.0,,1662246233,,FBZ5055 ,,,SABE,,Boeing 737-8Q8,B738,LV-KCE
a6a5e7,1662161287.0,,1662163376,,N5274V  ,KUAO,,K7S9,,172S,,N5274V
add3dc,1662238026.0,,1662240657,,AAL1395 ,,,TS53,,737NG 823/W,B738,N990NN
a18df6,1662239922.0,,1662241209,,N2GQ    ,KFYM,,KMDQ,,550,C550,N2GQ
80149e,1662179769.0,,1662182147,,IGO253  ,,,VOMM,,Airbus A321-251NX,A21N,VT-ILX
a19922,1662207908.0,,1662210798,,N20172  ,KASH,,KSFM,,172M,,N20172
4ba9d0,1662229821.0,,1662243438,,THY2VA  ,,,OMDB,,A330 343E,A333,TC-JNP
344557,1662202334.0,,1662215836,,VLG8341 ,,,EHAM,,A320 214,A320,EC-MCU
8963a2,1662220385.0,1662220394.0,1662241184,1662241182.0,UAE19EA ,EDDF,EDDF,OMDW,OMDW,777 F1H,B77L,A6-EFO
a80ce8,1662225336.0,,1662229647,,EPI533  ,KEVB,,KEVB,,172S,,N618EP
a87f51,1662172788.0,,1662175685,,AAL403  ,KPHX,,KABQ,,A320-232,A320,N647AW
4d2241,1662197819.0,,1662199546,,RYR1LX  ,,,,,Boeing 737-8AS,B738,9H-QCO
0d0c1d,1662187272.0,,1662203005,,TAA617  ,,,KTOL,,Fairchild SA-227AC Metro III,SW4,XA-USJ
ac07be,1662173447.0,,1662174070,,N8741S  ,KBVS,,WA58,,150F,,N8741S
a046f2,1662224711.0,,1662226878,,RPA4570 ,KJFK,,KBWI,,ERJ 170-200 LR,E75S,N117HQ
4c01ec,1662211170.0,1662211132.0,1662212239,,ASL10B  ,LYTV,LYTV,,LYNI,Airbus A319-132,A319,YU-APM
3964ea,1662179187.0,,1662186474,,TVF55KK ,LFPO,,,,737NG 8K2/W,B738,F-GZHK
aa3d5f,1662205641.0,,1662207565,,N759VM  ,KSRQ,,KGIF,,182Q,,N759VM
471f6a,1662237638.0,,1662244240,,WZZ100Z ,EDDH,,,,Airbus A321 231SL,A321,HA-LXI
845dcc,1662196157.0,,1662198909,,ANA36   ,RJOO,,RJTT,,A321 211SL,A321,JA113A
a9deaa,1662246701.0,,1662247559,,N735LT  ,5TX0,,XA84,,182Q,,N735LT
44ce6c,1662222751.0,,1662230181,,BEL7RB  ,LPPR,,EBMB,,A319 111,A319,OO-SSL
4d224d,1662182536.0,,1662189580,,RYR851A ,LIRA,,LGRP,,Boeing 737-8AS,B738,9H-QEL
a69d67,1662161853.0,,1662166544,,VOI961  ,KLAS,,,,A320-233,A320,N525VL
0d0e47,1662169111.0,,1662184805,,VOI1022 ,,,,,,,
acd78b,1662215027.0,,1662220467,,N9265R  ,,,VA17,,PA 46-350P,,N9265R
4070e4,1662216044.0,1662216001.0,1662225051,1662225063.0,EXS66KE ,EGAA,EGAA,LEPA,LEPA,BOEING 737-800,B738,G-JZHP
a1dbef,1662160634.0,,1662164946,,N219LD  ,KLZU,,KPBI,,680,,N219LD
4ca95e,1662207708.0,,1662212837,,RYR1VV  ,EGPH,,EBCI,,Boeing 737 MAX 8-200,B38M,EI-HAW
a54e46,1662170262.0,,1662174142,,N4409X  ,K52F,,K52F,,PA-28-181,,N4409X
aa4e52,1662170057.0,,1662172969,,SWA582  ,KBWI,,,,737-7H4,B737,N763SW
a8fd3c,1662170206.0,,1662181588,,AAL2555 ,KIND,,KPHX,,A320-232,A320,N679AW
8965b4,1662172236.0,,1662173127,,FDB619  ,OMDB,,,,Boeing 737 MAX 8,B38M,A6-FMX
7586fc,1662211260.0,,1662214040,,CEB392  ,,,RPLL,,Airbus A321-271NX,A21N,RP-C4127
add012,1662165856.0,,1662166718,,SJN3    ,KBLI,,1WA9,,172M,,N9898Q
a44565,1662233150.0,,1662246792,,UAL2121 ,KORD,,KSFO,,737-924ER,B739,N37427
44ce6c,1662180755.0,1662180756.0,1662185234,1662185233.0,BEL6NQ  ,EKCH,EKCH,EBMB,EBBR,A319 111,A319,OO-SSL
4aca53,1662225061.0,1662225067.0,1662234595,,NSZ3374 ,EKCH,EKCH,,LGAV,737-8JP (W),B738,SE-RRS
4d0219,1662204380.0,1662204381.0,1662209688,1662209859.0,SVW56AB ,LFPB,LFPB,LIRZ,LIRZ,Falcon 900DX,F9DX,LX-SAB
885307,1662196159.0,,1662197204,,THD262  ,,,VTBS,,A320 232SL,A320,HS-TXG
abcca0,1662163243.0,,1662165760,,N86BJ   ,6TA7,,3TX2,,172R,,N86BJ
7809f8,1662183148.0,,1662186644,,CSN3451 ,ZGSZ,,,,A320 232,A320,B-9913
a2090d,1662213391.0,,1662221189,,FFT20   ,KMCO,,MDBG,,A320-214,A320,N230FR
e80326,1662239210.0,,1662239814,,SKX5424 ,SPJC,,,,,A20N,CC-AZC
a023ff,1662184748.0,,1662192518,,N108SC  ,KSTS,,KSTS,,407,,N108SC
80044a,1662174490.0,,1662175167,,AXB414  ,OMSJ,,,,737NG 8HG/W,B738,VT-AXZ
aac118,1662214956.0,,1662222044,,SWA4677 ,KMCO,,KIND,,737-7H4,B737,N792SW
502ce5,1662175593.0,1662175387.0,1662189640,,BTI725  ,,UGTB,EVEA,EVRA,Airbus A220-300,BCS3,YL-CSK
152072,1662223291.0,,1662231595,,SVR156  ,,,UUMI,,,,
c028cd,1662223484.0,,1662234143,,WSW717  ,KIWA,,CYEG,,737-8CT (Boeing),B738,C-FPLS
aa7b54,1662238804.0,,1662242573,,SWA4145 ,KBWI,,ME26,,737-7BD,B737,N7748A
ad5572,1662219306.0,,1662220919,,N9585M  ,KT31,,KLNC,,M20F,,N9585M
a05a49,1662210525.0,,1662213290,,UCA4317 ,KIAD,,KBUF,,EMB-145XR,E45X,N12136
a47aac,1662162339.0,,1662164767,,FTO388  ,KMTP,,KCDW,,208B,C208,N388TA
a1574e,1662200744.0,,1662223720,,DAL209  ,EGPH,,KJFK,,767-332,B763,N186DN
34640e,1662171820.0,,1662176119,1662176118.0,IBE6830 ,,SCEL,LEMD,LEMD,A350-941,A359,EC-NIG
a494eb,1662236592.0,,1662243685,,UAL1105 ,KEWR,,KMCO,,737-924ER,B739,N39463
a05f59,1662194709.0,,1662200607,,FDX104  ,,,KMIA,,767-3S2F,B763,N123FE
a4781e,1662233837.0,,1662241511,,N3873T  ,KFZI,,KLOU,,PA-28R-180,,N3873T
a9e4a5,1662238930.0,,1662240176,,N7367C  ,AK72,,PANC,,U206G,,N7367C
a0a8df,1662197670.0,,1662200069,,UAL686  ,KEWR,,KIAD,,757-224,B752,N14107
a8905d,1662225888.0,,1662226577,,N6509R  ,KFRG,,KFRG,,C23,,N6509R
151eec,1662189856.0,,1662199562,,SBI2153 ,UUDD,,,,,,
3ff7e1,1662186748.0,,1662189753,,DMMBY   ,ETWM,,EDWM,,BRM Aero Bristell,NG5,D-MMBY
a9e976,1662218300.0,,1662220033,,N738HD  ,KAPA,,KLMO,,172N,,N738HD
4bb18e,1662169449.0,,1662208609,,THY8JK  ,KSEA,,LTBA,,B787-9,,TC-LLN
342090,1662209160.0,,1662217425,,IBS38TJ ,LEMD,,,,A320 214,A320,EC-ILR
486483,1662233256.0,,1662238043,,KLM55X  ,EHAM,,LFBD,,Embraer E195-E2,E295,PH-NXF
aa2a8a,1662171635.0,,1662178299,,SWA824  ,KTPA,,KIND,,737-7H4,B737,N754SW
881056,1662197693.0,,1662198509,,NOK554  ,VTBD,,,,737NG 88L/W,B738,HS-DBV
89656b,1662224021.0,,1662226767,,FDB757  ,OMDB,,,,737-8 MAX,B738,A6-FMQ
a373c0,1662223187.0,,1662228675,,N321TR  ,KBUF,,KMVY,,F90,,N321TR
80149a,1662207484.0,,1662220104,,IGO1791 ,VOMM,,OMAA,,Airbus A320-251N,A20N,VT-IIK
8964d9,1662166870.0,,1662177048,,ABY464  ,VIDP,,OMSJ,,A320 214SL,A320,A6-AOS
152057,1662201337.0,,1662210988,,SVR205  ,,,,,,,
801403,1662190171.0,,1662195986,,IAD768  ,,,VIDP,,Airbus A320-251N,A20N,VT-ATD
89642d,1662218185.0,,1662221330,,ABY103  ,OMSJ,,OBBI,,A320 214SL,A320,A6-AOJ
acc799,1662210730.0,,1662214559,,SWA3802 ,KAUS,,KMSY,,737-7H4,B737,N922WN
e8041b,1662203075.0,,1662203758,,LPE2003 ,SPJC,,,,A320 233,A320,CC-BAK
300393,1662226716.0,1662226689.0,1662231328,1662231298.0,DLA9JE  ,LIRQ,LIRQ,EDDF,EDDF,EMB-195 LR,E195,I-ADJK
8013a4,1662172365.0,,1662173561,,VTI543  ,,,,,Airbus A320-251N,A20N,VT-TNV
a735ed,1662172223.0,,1662177109,,N564BP  ,KRAL,,KRAL,,SR22,,N564BP
a2e5ec,1662217110.0,,1662223704,,SKW176R ,KSEA,,KSFO,,ERJ 170-200 LL,,N286SY
345042,1662207008.0,1662206992.0,1662211287,1662211286.0,VLG9YL  ,LEBL,LEBL,LIPZ,LIPZ,A321 231SL,A321,EC-MHB
728835,1662185065.0,,1662186460,,UBD105  ,,,OLBA,,737-319,B733,YI-BAU
c8236d,1662245670.0,,1662246433,,CFL04   ,NZAA,,NZAA,,MBB-Kawasaki BK117B-2,BK17,ZK-IIX
300557,1662231694.0,,1662233489,,DLH7LE  ,EDDM,,LKPR,,EMB-195 LR,E195,I-ADJQ
4067f6,1662219010.0,,1662231563,,TOM50E  ,EGBB,,,,BOEING 787-8 Dreamliner,B788,G-TUIB
a2ed6d,1662227705.0,,1662229689,,N288TS  ,K5C1,,K5C1,,SR20,,N288TS
458a76,1662201741.0,1662201767.0,1662206423,1662206342.0,OYBSV   ,EKOD,EKOD,EKRK,EKRK,F172M,C172,OY-BSV
abb59f,1662158494.0,,1662166108,,ASH6093 ,KIAH,,KGRR,,ERJ 170-200 LR,E75L,N85352
c060b2,1662227884.0,,1662232635,,POE392  ,KMDW,,CYTZ,,DHC-8-402 (Dehavilland),DH8D,C-GKQB
3462c9,1662227346.0,,1662234488,,AEA9117 ,,,LEMD,,Boeing 787-9 Dreamliner,B789,EC-NEI
484ee4,1662221465.0,,1662228950,,KLM1590 ,,,EHAM,,737NG 8K2/W,B738,PH-HSD
4bcdea,1662216099.0,,1662228198,1662228197.0,SXS4EW  ,,LTAI,EDDL,EDDL,Boeing 737 MAX 8,B38M,TC-SOJ
ab48bf,1662215520.0,,1662219336,,SKW3521 ,KDTW,,KPHL,,CL-600-2D24,CRJ9,N826SK
ab628c,1662160571.0,,1662167347,,SWA184  ,KMCO,,KBWI,,737-8H4,B738,N8323C
a2c56d,1662203854.0,,1662211703,,ENY3638 ,,,KMIA,,ERJ 170-200 LR,,N278NN
a5358e,1662233220.0,,1662234874,,N4349A  ,KBCK,,KAUW,,PA-28RT-201T,,N4349A
a517dc,1662164376.0,,1662166940,,RPA4754 ,KJFK,,KBOS,,EMB-175 200LR,E75L,N427YX
a6a973,1662224363.0,,1662227576,,N5283M  ,08FD,,KMLB,,76,,N5283M
a4ca7d,1662213687.0,,1662217518,,N408BL  ,KRIC,,KRDU,,DA 40 NG,,N408BL
ad0d6f,1662215463.0,,1662220803,,N940CW  ,,,K61B,,TBM 700,,N940CW
a5ba26,1662231888.0,,1662234341,,N4683T  ,,,KVAY,,PA-28-140,,N4683T
3944f5,1662192567.0,,1662196407,,AFR31FB ,LFML,,LFPG,,A319 111,A319,F-GRHV
49c2ec,1662205607.0,,1662209185,,OKAUG04 ,EPCH,,EPKP,,JA-400 Skyleader,ULAC,OK-AUG-04
3c665a,1662191014.0,,1662196034,,AHO875G ,LSGG,,LEPA,,EMB-135BJ Legacy 650,E35L,D-AIRZ
ab79de,1662223988.0,,1662224939,,AAL1550 ,,,KCLT,,A319-132,A319,N839AW
7c6d78,1662241185.0,,1662244949,,JST402  ,YSSY,,YBCG,,A321 231SL,A321,VH-VWQ
0100f6,1662194836.0,,1662207337,,AMV6183 ,,,LEMD,,737NG 86N/W,B738,SU-BPZ
acd3b8,1662215580.0,,1662221692,,N9254Y  ,KVNC,,KHWO,,172S,,N9254Y
468d07,1662213013.0,,1662224184,1662224183.0,SEH8650 ,,LGIR,EBBR,EBBR,Airbus A320-251N,A20N,SX-CHG
7335a1,1662215452.0,,1662230077,,IRM081  ,,,,,A340 311,A343,EP-MMA
78923f,1662208397.0,,1662222297,,AHK209  ,RJAA,,VHHH,,Airbus A330-343(F),A333,B-LDQ
aaeae5,1662204141.0,,1662209735,,SKW3718 ,KOMA,,KDTW,,CL-600-2D24,CRJ9,N802SK
ac90a7,1662167887.0,,1662177349,,AAL1814 ,KDFW,,KPHL,,A321-231,A321,N909AM
a95ca2,1662225013.0,,1662227653,,N702GR  ,KDAB,,KDAB,,172R,,N702GR
a5669f,1662208618.0,,1662215968,,SWA3355 ,FL59,,KIND,,737-7H4,B737,N447WN
a35d44,1662212848.0,,1662215374,,N316BR  ,KC77,,KC77,,PA-18 REPLICA KIT,,N316BR
495299,1662217753.0,,1662225624,,TAP1861 ,LPPR,,LPPD,,EMB-195 AR,E195,CS-TTY
4785c0,1662222582.0,,1662223438,,WIF539  ,ENBR,,ENHD,,Bombardier DHC-8 402 NG,DH8D,LN-WDH
a53006,1662227385.0,,1662233817,,UAL2141 ,KDEN,,KRNO,,A320-232,A320,N433UA
abac24,1662221430.0,,1662222131,,N851MB  ,,,KBDU,,AS350B3,AS50,N851MB
a7a95b,1662166103.0,,1662170091,,N593JG  ,KMHR,,KCRQ,,CL-600-2B16,,N593JG
abf2ea,1662164324.0,,1662173439,,SWA963  ,KCMH,,KDEN,,737-8H4,B738,N8692F
758426,1662242175.0,,1662243801,,SRQ6177 ,RPLL,,,,ATR 72 600,AT76,RP-C7281
a17a5f,1662239463.0,,1662240784,,N1947L  ,KLHM,,KEDU,,172S,,N1947L
880843,1662168210.0,,1662171258,,AIQ3435 ,VTBD,,VTCC,,A320 216SL,A320,HS-BBC
4ca4f8,1662186680.0,1662186657.0,1662190713,1662190709.0,RYR9U   ,LIME,LIME,EBCI,EBCI,BOEING 737-8AS,B738,EI-DPV
c04604,1662221737.0,,1662225407,,ANT534  ,CYVR,,,,737-548 (Boeing),B735,C-GANJ
a42e3f,1662245436.0,,1662246824,,SIS369  ,KSNA,,KSBA,,680,,N369FG
ac6213,1662229009.0,,1662234074,,N89727  ,KDTO,,KDTO,,152,,N89727
a284b5,1662169980.0,,1662173114,,SWA1722 ,KSNA,,KPHX,,737-7H4,B737,N261WN
a258be,1662213688.0,,1662221736,,AAY1355 ,KSRQ,,KABE,,A320-214,A320,N250NV
a54bab,1662222376.0,,1662235047,,SWA3906 ,KMDW,,KLGB,,737-7H4,B737,N440LV
c073b0,1662209826.0,,1662211045,,CGRVB   ,CPR2,,CPG5,,RV-6 (Van'S),,C-GRVB
47a711,1662231787.0,,1662232497,,ALI01   ,ENBR,,ENSO,,,,
3ff034,1662206714.0,,1662210425,,DMAII   ,EDFB,,EDFB,,C42,C42,D-MAII
800bb9,1662165354.0,,1662168801,,GOW317  ,,,VOBL,,A320 271NSL,A20N,VT-WGB
7609a8,1662176799.0,,1662187949,,PIA725  ,,,OERK,,777 2Q8ER,B772,AP-BMH
471f51,1662195205.0,,1662202334,,WUK1831 ,EGGW,,,,Airbus A320 232,A320,HA-LWJ
800401,1662190103.0,,1662193115,,AIC405  ,,,VIDP,,A319 112,A319,VT-SCH
a675a9,1662171861.0,,1662176567,,SKW6283 ,KLAX,,,,ERJ 170-200 LR,,N515SY
40756b,1662150009.0,,1662166248,,EZY42DF ,LCPH,,EGCC,,Airbus A320-251N,A20N,G-UZHL
aaa9f0,1662219799.0,,1662220976,,N78650  ,KMLI,,KMLI,,172K,,N78650
8963d3,1662161929.0,,1662175493,,UAE378  ,OMDB,,,,777 31HER,B77W,A6-EPD
abb5e2,1662154939.0,,1662166479,,SWA2971 ,KIND,,KPHX,,737-800,B738,N8537Z
ade313,1662162671.0,,1662167984,,N994SD  ,KHMT,,KHMT,,Squirrel AS.350 B3,AS50,N994SD
a06e35,1662223535.0,,1662248182,,FDX5194 ,,,,,767-3S2F,B763,N127FE
abe501,1662163575.0,,1662169107,,SWA1809 ,KRNO,,KPHX,,737-8H4,B738,N8659D
c030ef,1662230521.0,,1662246767,,ACA1092 ,,,CYYZ,,737-8 (Boeing),,C-FSNU
a8ba56,1662231088.0,,1662236072,,N6610P  ,,,08NE,,PA-24-180,,N6610P
3c56ee,1662190217.0,,1662195359,,EWG2MK  ,LIPZ,,EDDH,,A320 214SL,A320,D-AEWN
3d5ec6,1662212224.0,,1662216726,,PARAB   ,,,EPMO,,Cessna 208 Caravan I,C208,D-FIDI
a7db29,1662240035.0,,1662240652,,N605PT  ,KTDF,,KTDF,,SR22T,,N605PT
a5fff9,1662179195.0,,1662200060,,GTI545  ,KORD,,PANC,,747-45EF,,N486MC
c0635f,1662207150.0,,1662210519,,POE684  ,,,CYTZ,,DHC-8-402 (Dehavilland),DH8D,C-GLQK
a143e7,1662211435.0,,1662212288,,N1806S  ,KFFZ,,36AZ,,A36TC,,N1806S
a95450,1662219520.0,,1662220409,,N70XP   ,K1O3,,K1O3,,VANS RV-7,,N70XP
750474,1662181350.0,,1662183098,,AXM6261 ,,,WBKK,,Airbus A320-216,A320,9M-AGY
0c205d,1662232423.0,,1662242992,,CMP261  ,TBPB,,MPMG,,737NG 8V3/W,B738,HP-1718CMP
ace60c,1662183715.0,,1662200180,,DAL872  ,KLAX,,KFLL,,737-900ER,,N930DZ
a50a88,1662155274.0,,1662200443,,AAL917  ,KMIA,,KMIA,,A321-253NX,,N424AN
702099,1662202650.0,,1662204286,,UBG108  ,,,VGZR,,ATR 72-600,AT76,S2-AKI
a75e7e,1662238893.0,,1662239924,,JIA5310 ,KCLT,,SC33,,CL-600-2D24,CRJ9,N574NN
ac7f3e,1662166638.0,,1662172147,,NKS1051 ,KMSY,,KFLL,,A320-271N,A20N,N904NK
a5e83b,1662167676.0,,1662170905,,KPO48   ,KSCK,,KLAS,,BD-700-1A10,,N48WG
a8994e,1662222444.0,,1662226490,,EJA653  ,KACK,,KMQS,,680A,,N653QS
471f88,1662209195.0,,1662214167,1662214165.0,WZZ3688 ,,LRCL,LIPH,LIPH,Airbus A320 232SL,A320,HA-LYM
717cd3,1662232143.0,,1662235466,,FAD514  ,OMDB,,,,,,
4ca56d,1662201964.0,1662201976.0,1662208395,1662208399.0,RYR2AC  ,EBMB,EBBR,LEPA,LEPA,BOEING 737-8AS,B738,EI-DWH
aaa26a,1662209769.0,,1662214909,,SWA4547 ,KMDW,,KPHL,,737-71B,B737,N7845A
a507c9,1662242220.0,,1662243193,,N423LL  ,NJ95,,NJ61,,182P,,N423LL
800d3f,1662186220.0,,1662191442,,GOW287  ,,,,,,A20N,VT-WJE
c827e3,1662209246.0,,1662220906,,AWK82   ,YMML,,NZAA,,737-42C(SF),B734,ZK-TLM
48c124,1662207212.0,1662207213.0,1662210849,1662210848.0,RYR6BV  ,EKCH,EKCH,LKPR,LKPR,737-8AS (W),B738,SP-RKE
c8244b,1662175061.0,,1662177957,,ANZ015M ,NZAA,,NZNR,,ATR 72 600,AT76,ZK-MVP
a35766,1662158947.0,,1662165630,,N314TR  ,KS67,,KBTF,,TR182,,N314TR
a71adb,1662235322.0,,1662238955,,EJA557  ,KCRQ,,KSJC,,560XL,C56X,N557QS
48414d,1662213226.0,1662213227.0,1662220352,1662220351.0,TRA23E  ,LEPA,LEPA,EHEH,EHEH,Boeing 737NG 8K2/W,B738,PH-HZI
a53774,1662164718.0,,1662169816,,UAL2028 ,KPHX,,KDEN,,A320-232,A320,N435UA
ab8cda,1662170462.0,,1662177888,,ASA1273 ,,,KSFO,,A320-214,A320,N843VA
758637,1662181156.0,,1662181899,,RPC8636 ,,,RPLL,,Airbus Helicopter H155,EC55,RP-C8636
a81e15,1662219076.0,,1662224616,,EPI197  ,KEVB,,KEVB,,172S,,N622EF
a6663b,1662218716.0,,1662226138,,N511MB  ,KLOM,,ME33,,310R,,N511MB
a6d1e2,1662216770.0,,1662219779,,CNS12   ,KMMU,,KMVY,,PC-12/47E,PC12,N539AF
ab5a1d,1662221050.0,,1662231032,,UAL392  ,KDEN,,,,A319-131,A319,N830UA
a6cf11,1662170851.0,,1662171999,,LYM1180 ,,,KDEN,,SA227-AC,SW4,N538KL
4401f7,1662198871.0,,1662201657,,EJU4378 ,,,LFHI,,Airbus A320-214,A320,OE-INE
aa3e34,1662207078.0,,1662211553,,N75925  ,KHFY,,KHFY,,172N,C172,N75925
400e59,1662219632.0,1662219634.0,1662221902,1662222056.0,EZY65YR ,LFPG,LFPG,EGKR,EGKK,AIRBUS A319-111,A319,G-EZAW
a06094,1662161868.0,,1662163729,,N123TV  ,KPTK,,KPTK,,DA 40,,N123TV
800cfd,1662230753.0,,1662242151,,GOW076  ,OMAA,,VIDP,,,A20N,VT-WGV
aa9c2d,1662209529.0,,1662211913,,N783FE  ,KOMA,,NE12,,208B,C208,N783FE
4d02ad,1662193059.0,1662193060.0,1662196928,1662196927.0,JFA39P  ,ELLX,ELLX,LFLI,LFLI,Pilatus PC-XII 47E,PC12,LX-JFX
a768fd,1662228704.0,,1662243484,,LXJ577  ,,,KTEB,,BD-100-1A10,,N577FX
70c0ff,1662161397.0,,1662191503,,OMS203  ,,,OERK,,A320-251N,A320,A4O-OVD
c035f7,1662164382.0,,1662171194,,DAT504  ,CCY4,,CYYZ,,407 GX,B407,C-FULI
a0acff,1662173472.0,,1662179144,,UAL1774 ,KORD,,KEWR,,737-824,B738,N14237
151da8,1662158328.0,,1662176518,,AFL1562 ,UUEE,,UIII,,737-8LJ ,B738,RA-73128
ad135e,1662224265.0,,1662225247,,N9411D  ,ID95,,KEUL,,PA-22-160,,N9411D
4520d4,1662191068.0,,1662205182,,EGT357  ,LBSF,,,,Embraer Phenom 300E,E55P,LZ-JET
75860e,1662173761.0,,1662174972,,CEB899  ,RPLL,,,,Airbus A320-271N,A20N,RP-C4109
86cf7c,1662171338.0,,1662174506,,ANA21   ,RJTT,,RJOO,,787 8,B788,JA809A
a448f5,1662244101.0,,1662248704,,UAL594  ,,,KDEN,,737-9,,N37513
a1e166,1662222879.0,,1662225765,,N220EA  ,KX26,,KX26,,208B,C208,N220EA
3e50df,1662192477.0,,1662199427,,ATL5B   ,EDDW,,LDDU,,Citation CJ2+,C25A,D-IVVB
48c2a0,1662186344.0,1662186345.0,1662191245,1662191243.0,RYR4011 ,ESGG,ESGG,EPKK,EPKK,Boeing 737 MAX 8-200,B38M,SP-RZA
a56e0d,1662207813.0,,1662213209,,SWA1898 ,KOAK,,KSEA,,737-7H4,B737,N449WN
4784e9,1662191470.0,1662191471.0,1662203479,,SAS4633 ,ENGM,ENGM,,LGSA,737NG 85P/W,B738,LN-RRE
888133,1662209550.0,,1662210778,,VJC776  ,,,VVGL,,A321 211SL,A321,VN-A630
020105,1662223473.0,,1662236288,,RAM851W ,EHAM,,GMMN,,737NG 8B6/W,B738,CN-RGN
a4a9cb,1662226417.0,,1662227523,,N4VA    ,KF70,,KOKB,,35-B33,,N4VA
abbb03,1662246132.0,,1662247077,,N855ME  ,85PN,,KN35,,EC135T2+,EC35,N855ME
020057,1662217750.0,,1662223432,,RAM960U ,GMMN,,LEBL,,737NG 8B6/W,B738,CN-RNZ
aa3b4f,1662212286.0,,1662215098,,N75885  ,KVVS,,9PN1,,172N,,N75885
800d62,1662219812.0,,1662226111,,IGO2763 ,,,VIDP,,Airbus A321-271NX,A21N,VT-IUE
4baa6c,1662213280.0,1662213281.0,1662221015,,THY7VJ  ,LSGG,LSGG,,LTFM,A321 231SL,A321,TC-JSL
a59c93,1662163673.0,,1662169452,,N4604V  ,KRHV,,KRHV,,172RG,,N4604V
48ae80,1662203971.0,,1662209638,1662209637.0,LOT6436 ,,LGKR,EPKT,EPKT,Boeing 737-89P (W),B738,SP-LWA
49d2b9,1662188494.0,,1662194907,,TVS4TV  ,,,LKPR,,737NG 7Q8,B737,OK-SWW
4b194a,1662194150.0,1662194110.0,1662207592,1662207533.0,EDW63B  ,LCLK,LCLK,LSZH,LSZH,A321-271NX,A21N,HB-JPA
4cac7b,1662232521.0,1662232522.0,1662244334,1662244333.0,SAS1810 ,LEPA,LEPA,ESSA,ESSA,Airbus A320-251N,A20N,EI-SIL
ac259b,1662196185.0,,1662207629,,DAL1382 ,PANC,,KSEA,,737-900ER,B739,N882DN
85120e,1662164373.0,,1662166219,,JAL2465 ,RJOO,,,,737NG 846/W,B738,JA318J
c04ff4,1662195666.0,1662196106.0,1662213355,,WJA51   ,EIDW,EIDW,,CYHZ,737-8 (Boeing),,C-GEHF
899148,1662198840.0,,1662200602,,MDA378  ,,,RCSS,,,,
a94b72,1662223960.0,,1662233499,,UAL727  ,,,KEWR,,737-924ER,B739,N69847
a6b549,1662177331.0,,1662180100,,N531MT  ,KCPS,,KMYJ,,EC135 P3,,N531MT
c0506b,1662223599.0,,1662237052,,ACA169  ,CYYZ,,CYEG,,,,
3965eb,1662222422.0,,1662225542,,FGZPL   ,LFCL,,LFCL,,AT-01 A-210,A210,F-GZPL
a41c97,1662234185.0,,1662241443,,EJA364  ,KBJC,,KOAK,,680,C680,N364QS
ad6aa7,1662179405.0,,1662184499,,N9637Q  ,KCVO,,KCVO,,172M,,N9637Q
398640,1662178179.0,,1662182514,1662182481.0,CCM770C ,,LFKJ,LFPO,LFPO,A320 216,A320,F-HBSA
aba1a0,1662220452.0,,1662236860,,DAL1681 ,KSEA,,KIAD,,737-932ER,B739,N849DN
aa92fc,1662162364.0,,1662197017,,UAL948  ,KSFO,,EGLL,,777-224,B772,N78005
a7120f,1662224694.0,,1662228916,,N555AS  ,KMPI,,KMYV,,407,,N555AS
a08eb7,1662225669.0,,1662228387,,N135KT  ,PA55,,PA69,,R44 II,R44,N135KT
400e4a,1662182353.0,,1662190936,,EXS62FG ,EGSS,,LEAL,,BOEING 737-804,B738,G-GDFJ
75045a,1662184696.0,,1662186749,,AXM6415 ,WMKB,,,,,,
a2b10f,1662218163.0,,1662226133,,UAL661  ,KEWR,,KTPA,,737-8,,N27255
a9ea96,1662218763.0,,1662222920,,AAL2073 ,,,KPHL,,A319-112,A319,N738US
aae5f7,1662209358.0,,1662220229,,DAL2271 ,KDTW,,KSLC,,737-932ER,B739,N801DZ
a4bbd6,1662222153.0,,1662226730,,N404DP  ,,,KMRB,,200,BE20,N404DP
a19c1a,1662245763.0,,1662246436,,N2022L  ,KFLL,,KFLL,,45,,N2022L
a0036b,1662227610.0,,1662232843,,DPJ10   ,KORL,,KAVL,,400A,,N10LX
a6177c,1662243162.0,,1662248250,,N49191  ,KHIO,,KPWT,,152,,N49191
a0d21f,1662195551.0,,1662198775,,FDX1552 ,,,OI88,,767-300F,B763,N152FE
a94c2a,1662168167.0,,1662172182,,PDT6105 ,KPHL,,CYUL,,EMB-145LR,E145,N699AE
40700a,1662219896.0,1662219848.0,1662232589,1662232587.0,EXS6XD  ,EGSS,EGSS,LGKO,LGKO,AIRBUS A321-211,A321,G-POWN
a4dbe3,1662234091.0,,1662235606,,RTY412  ,,,KFNL,,PA-28-181,,N412DK
a2384b,1662164562.0,,1662170134,,JSX553  ,KBJC,,KDAL,,EMB-145LR,,N242JX
ac0aac,1662155463.0,,1662163886,,UAL582  ,CYYC,,KSFO,,A319-132,,N875UA
a1bb83,1662218910.0,,1662220827,,SWA3915 ,,,KBWI,,737NG 7H4/W,B737,N210WN
ac08fa,1662160779.0,,1662165284,,SKW340H ,,,KDEN,,CL-600-2B19,CRJ2,N875AS
ac9a73,1662225622.0,,1662227068,,N911AS  ,KDCA,,KDCA,,Squirrel AS.350 B3,AS50,N911AS
abe7e3,1662223484.0,,1662234414,,SWA4663 ,KSJC,,KDAL,,737-8H4,B738,N8663A
ada15c,1662232723.0,,1662241352,,N978    ,AL34,,NC00,,,,
a35de5,1662210004.0,,1662213433,,JBU159  ,KBOS,,KPHL,,ERJ 190-100 IGW,E190,N316JB
440a8f,1662183847.0,,1662188171,,EJU32KC ,LIMC,,LESL,,,,
ab5f49,1662209585.0,,1662213232,,N8316P  ,KBMI,,KMIE,,PA-24-250,,N8316P
a094b8,1662241871.0,,1662247422,,N1366U  ,KMMV,,KMMV,,172M,,N1366U
a3a187,1662209503.0,,1662211553,,LXJ333  ,KOPF,,KMCO,,EMB-505,,N333FX
47878c,1662204514.0,1662204516.0,1662215189,1662215182.0,NOZ41B  ,LEBL,LEBL,ENGM,ENGM,737-8JP,B738,LN-DYY
a7f3ab,1662157804.0,,1662166995,,NKS880  ,KMCO,,TJSJ,,A320-232,A320,N611NK
a06668,1662242711.0,,1662245538,,N125BK  ,KACK,,KTEB,,200,BE20,N125BK
ad3528,1662196275.0,,1662198837,,FDX1502 ,,,3IN4,,757-236,B752,N950FD
a9ecf6,1662218223.0,,1662226139,,N739EZ  ,KMHR,,KMHR,,172N,,N739EZ
abf8ff,1662172280.0,,1662178677,,SWA384  ,KSLC,,KSLC,,737-8,B38M,N8702L
85d098,1662199491.0,,1662204643,,ANA779  ,RJOO,,RJCJ,,737NG 881/W,B738,JA54AN
a8d4d2,1662210207.0,,1662237848,,UAL2008 ,,,KEYQ,,737-924ER,B739,N66837
a5521c,1662164599.0,,1662172402,,ASA688  ,KSEA,,KLAS,,737-990ER,B739,N442AS
e48198,1662206100.0,,1662207187,,TAM3040 ,,,,,A319 132,A319,PR-MBU
c8200b,1662189116.0,,1662192056,,ANZ381M ,NZWN,,NZCH,,ATR 72 600,AT76,ZK-MVC
15206a,1662242324.0,,1662244689,,SVR2930 ,,,,,A320-214 ,A320,RA-73834
4bcdf9,1662196406.0,,1662206847,1662206833.0,SXS73C  ,,LTBJ,EDDF,EDDF,737-8HC,B738,TC-SOY
a1d45a,1662210759.0,,1662213345,,RPA5622 ,KDCA,,KLGA,,ERJ 170-200 LR,,N217JQ
a3a086,1662164767.0,,1662170548,,UAL1542 ,KSFO,,CYVR,,737-824,B738,N33266
89409e,1662207307.0,,1662219589,,GFA044  ,LTFM,,OBBI,,A321-253NX,A21N,A9C-NA
8a084b,1662175906.0,,1662180342,,PKRTY   ,WIPA,,,,,,
ad7282,1662170411.0,,1662173543,,DAL2947 ,KATL,,,,717-200,B712,N966AT
3c4587,1662155382.0,,1662195149,,BOX500  ,EDDP,,VHHH,,777 FZN,B77L,D-AALG
a3355e,1662241612.0,,1662249375,,JBU811  ,KBOS,,KORD,,BD-500-1A11,,N3058J
452057,1662210813.0,,1662220488,1662220603.0,AEE4232 ,,LGIR,EDTB,EDSB,Airbus A320-232,A320,LZ-MDK
394c17,1662219270.0,,1662223859,,AFR64TU ,LFPG,,LFMN,,A321 212,A321,F-GTAX
a34840,1662233461.0,,1662235425,,EJA310  ,KOKV,,KPHL,,EMB-505,E55P,N310QS
a60505,1662209082.0,,1662211117,,OUA11   ,KOUN,,KOUN,,PA-28-161,,N4870U
c01e14,1662229071.0,,1662244396,,FLE385  ,CYVR,,CYOW,,12A (Lockheed),,C-LKD
4892c1,1662225729.0,,1662239581,,ENT73SU ,,,EPWA,,Boeing 737 MAX 8,B38M,SP-EXB
ac263f,1662225156.0,,1662232449,,N882LB  ,KCHD,,KMYF,,182T,,N882LB
4ba996,1662216785.0,,1662217679,,THY7MS  ,,,,,A319 132,A319,TC-JLV
aaed5a,1662204881.0,,1662207076,,DAL450  ,KATL,,KBNA,,737-932ER,B739,N803DN
a7bbe9,1662235560.0,,1662242685,,JBU1579 ,KDCA,,KFLL,,A320-232,A320,N598JB
a66a13,1662238740.0,,1662244907,,NKS1146 ,KEWR,,KATL,,A319-132,A319,N512NK
a68f1b,1662212044.0,,1662212969,,N52105  ,TX32,,69XS,,180J,,N52105
aca487,1662213488.0,,1662214769,,N91320  ,0CN2,,0CN2,,UH-1B,UH1,N91320
c81e27,1662193402.0,,1662195959,,ANZ456  ,,,NZAA,,A320 232,A320,ZK-OJR
ac0b74,1662228093.0,,1662231177,,SWA2197 ,KLAS,,,,737-8,,N8751R
4d20ee,1662222125.0,,1662224573,,AELIA65 ,LIML,,LSZH,,King Air 200GT,BE20,9H-RBA
a64d32,1662199178.0,,1662204340,,N505H   ,EGJB,,EGGW,,505,,N505H
a967ae,1662228336.0,,1662233367,,FFT751  ,KDEN,,KPHX,,A321-211,A321,N705FR
aa2d74,1662211920.0,,1662213398,,N755JR  ,KSNA,,KCNO,,VANS RV-7,,N755JR
4b1a34,1662181714.0,1662181715.0,1662186769,,EZS1309 ,LSGG,LSGG,LAGJ,LATI,A320-214,A320,HB-JYA
80141e,1662196291.0,,1662197749,,VTI614  ,,,,,Airbus A320-251N,A20N,VT-TQC
ab4b1b,1662233079.0,,1662233935,,N827CN  ,KADS,,K7F3,,SR20,,N827CN
c055e9,1662212730.0,,1662217515,,JZA7924 ,CYUL,,,,DHC-8-402 (Dehavilland),DH8D,C-GGNW
a81032,1662171127.0,,1662173046,,ENY3846 ,KORD,,KATW,,EMB-145LR,E145,N619AE
aa8499,1662194104.0,,1662207208,,PAC964  ,ZGSZ,,,,777FZB,B77L,N777SA
ab19d0,1662237676.0,,1662238407,,SLH814  ,KOMA,,KLNK,,560,,N814SH
71be16,1662139166.0,,1662176065,,AAR284  ,RKSI,,KLAX,,B747- 446(F),B744,HL7616
440185,1662224340.0,,1662234283,1662234270.0,EJU54TQ ,,LGIR,EDDB,EDDB,A320-214,A320,OE-IJI
44006d,1662221131.0,1662221298.0,1662224577,1662224575.0,AUA1RA  ,EDDF,EDDF,LOWW,LOWW,A321 211,A321,OE-LBF
151ee9,1662227292.0,,1662229376,,SBI5213 ,,,,,Airbus A320-271N,A20N,RA-73449
a0fd55,1662170716.0,,1662174826,,FDX1249 ,KRDU,,,,767-300F,,N163FE
501c1d,1662175779.0,1662175780.0,1662177737,1662177736.0,SDR80SF ,EDLP,EDLP,EDDW,EDDW,Airbus A319-111,A319,9A-ZAG
7c1ca5,1662180425.0,,1662181517,,FD580   ,,,YPAD,,PC-12/47E,PC12,VH-FXZ
ab649a,1662201645.0,,1662230916,,DAL29   ,LFMN,,KJFK,,767-432ER,B764,N833MH
abd1e3,1662163807.0,,1662173486,,SWA3111 ,KBWI,,KDAL,,737-8H4,B738,N8605E
a651d8,1662234271.0,,1662237927,,N506SP  ,KCDW,,KCDW,,,,
a542d7,1662178838.0,,1662182037,,SWA1260 ,,,KSJC,,737-7H4,B737,N438WN
48411a,1662224260.0,,1662226617,,SHH981  ,,,MDSD,,EMB-190 LR,E190,P4-KCI
a32890,1662174321.0,,1662186875,,UPS903  ,KLAX,,KSDF,,767-34AF,B763,N302UP
ad55d0,1662225832.0,,1662226739,,N9588A  ,01TE,,46TS,,170A,,N9588A
4bcdd5,1662194443.0,1662194444.0,1662203624,,SXS5TE  ,EDDW,EDDW,,LTBJ,737NG 8HC/W,B738,TC-SNU
471f2f,1662209131.0,,1662227199,,WZZ1JK  ,EPKT,,LPMA,,Airbus A321-271NX,A21N,HA-LVB
4ca9df,1662161388.0,,1662195439,,ITY631  ,KMIA,,LIRF,,A330-202,A332,EI-EJL
aa4e52,1662232245.0,,1662242319,,SWA3327 ,KMCO,,KORD,,737-7H4,B737,N763SW
ad2218,1662244924.0,,1662245828,,N9450E  ,KCMA,,KCMA,,182R,,N9450E
aa9ad7,1662244748.0,,1662248640,,N78239  ,K1O2,,KSCK,,172K,,N78239
c01e28,1662153529.0,,1662170099,,ACA115  ,CYYZ,,CYVR,,A321-211 (Airbus),A321,C-FLKX
c01e28,1662228642.0,,1662243486,,ACA110  ,CYVR,,CYYZ,,A321-211 (Airbus),A321,C-FLKX
a9dab9,1662206773.0,,1662211254,,N734JK  ,KORL,,KORL,,172N,,N734JK
aa26c1,1662211579.0,,1662216260,,SCA75   ,KSDL,,KSDL,,172S,,N753SC
ad5a18,1662204655.0,,1662208657,,N96D    ,K47N,,KOBI,,PA-18-135,,N96D
346611,1662217044.0,,1662218219,,VOE28UX ,LFNG,,,,Airbus A320-214,A320,EC-NOP
4066b9,1662219875.0,,1662233494,,EXS79MA ,EGCC,,LTFE,,BOEING 737-85P,B738,G-GDFF
aaa4be,1662235477.0,,1662244379,,SWA834  ,8TX7,,KPHX,,737-7H4,B737,N785SW
ab5c69,1662210880.0,,1662218019,,DAL466  ,KATL,,KMSP,,737-932ER,B739,N831DN
ad0562,1662242090.0,,1662248438,,SWA4649 ,KBWI,,KMCO,,737-7H4,B737,N938WN
3949e5,1662217252.0,1662217253.0,1662244008,1662243631.0,AFR386  ,LFPG,LFPG,CYYZ,CYYZ,777 228ER,B772,F-GSPF
440713,1662200877.0,,1662204717,,EJU43LM ,LFPG,,LIML,,,A320,OE-IJE
a74764,1662161862.0,,1662166820,,SCX3031 ,KBNA,,KLAL,,737-84P,B738,N5683A
800ce8,1662207462.0,,1662212177,,VTI651  ,,,VIAM,,Airbus A320-251N,A20N,VT-ATV
a909da,1662215223.0,,1662216537,,N6814H  ,K17N,,0NJ6,,172M,,N6814H
abb6df,1662238663.0,,1662243658,,N854GW  ,KBID,,KALB,,172S,,N854GW
a807a1,1662209850.0,,1662212454,,N61615  ,KBTP,,KBTP,,172M,,N61615
a1a697,1662174135.0,,1662181476,,SWA2569 ,KBWI,,KMIA,,737-7H4,B737,N205WN
47878c,1662228522.0,,1662234574,,NOZ1309 ,EGKK,,ENGM,,737-8JP,B738,LN-DYY
ac15aa,1662179463.0,,1662185930,,N878SM  ,KTEB,,KFTY,,G-IV,GLF4,N878SM
06a128,1662183974.0,,1662239349,,QTR38C  ,OTHH,,KSFO,,A350-1000,,A7-ANL
a2bb89,1662232471.0,,1662236228,,UAL1470 ,KBOS,,KIAD,,737-9,,N27509
a3861f,1662222870.0,,1662229409,,AAL1586 ,MDSD,,KMIA,,737-8,,N326RP
a5324a,1662222002.0,,1662225419,,N434DE  ,KSSF,,KSSF,,R44 II,R44,N434DE
a9bc69,1662237886.0,,1662240017,,N7261Z  ,K3A1,,2AL7,,172S,,N7261Z
aaee71,1662222605.0,,1662231396,,N803QS  ,KAUO,,TXKF,,700,C560,N803QS
a493a2,1662224613.0,,1662232863,,N394WJ  ,,,KDAL,,BD-700-1A10,CL30,N394WJ
405455,1662220703.0,,1662233236,1662233234.0,BAW667  ,,LGSA,EGLL,EGLL,AIRBUS A320-232,A320,G-EUUU
4d2361,1662224066.0,,1662229783,,VJT607  ,LSZH,,LEPA,,Cessna 560XL Citation XLS,C56X,9H-XOC
a0e9a1,1662216365.0,,1662217319,,N158TS  ,,,KEDJ,,DA 42,,N158TS
7c1cb2,1662164481.0,,1662166199,,FYC     ,,,YNGB,,208,C208,VH-FYC
a485df,1662214288.0,,1662216175,,N3905Q  ,61PN,,3PA1,,172L,,N3905Q
a45051,1662228487.0,,1662234294,,DAL1081 ,KATL,,06MO,,737NG 832/W,B738,N3771K
8014e4,1662165897.0,,1662168065,,IGO754  ,VECC,,,,,,
47a1ce,1662228090.0,,1662229829,,DOC87   ,EKEB,,EKFS,,EC-135P2+,EC35,LN-OOZ
c805e3,1662240588.0,,1662241640,,ZKFJH   ,,,NZGS,,Cessna P206E,C206,ZK-FJH
4891a6,1662209023.0,,1662219686,,ENT7006 ,,,EPWA,,737NG 8CX/W,B738,SP-ENG
a13429,1662224345.0,,1662231333,,N177LA  ,KBTR,,SC33,,B200,BE20,N177LA
abf3b8,1662198434.0,,1662211169,,SWA4617 ,KFLL,,KDEN,,737-8H4,B738,N8698B
a891e5,1662217556.0,,1662225118,,QXE2107 ,KPAE,,KLAS,,ERJ 170-200 LR,,N651QX
344693,1662190267.0,1662190214.0,1662195945,1662196022.0,VLG6GD  ,LIPE,LIPE,LEBL,LEBL,Airbus A320 232SL,A320,EC-MES
49c2e2,1662201324.0,,1662201985,,OKAUW01 ,LKKL,,LKKL,,,,
a3ad6d,1662223834.0,,1662232258,,EDV4663 ,KJFK,,KMSP,,CL-600-2D24,CRJ9,N336PQ
4bb275,1662159246.0,,1662163859,,THY096  ,LTFM,,,,Airbus A321-271NX,A21N,TC-LSU
a30a0e,1662175693.0,,1662179075,,SWA490  ,KSNA,,KPHX,,737-7H4,B737,N295WN
406674,1662201491.0,1662201492.0,1662207650,1662207838.0,BAW91PY ,EGLL,EGLL,LDPM,LDPL,AIRBUS A320-232,A320,G-EUYN
a15c80,1662219002.0,,1662229057,,AAL1662 ,KAKH,,KFTG,,A321-211,A321,N187US
a0f70c,1662167908.0,,1662177777,,SKW5302 ,,,KCOS,,ERJ 170-200 LR,E75L,N161SY
a53ba4,1662223118.0,,1662231774,,RPA4783 ,,,KLGA,,ERJ 170-200 LR,E75L,N436YX
a00e22,1662235276.0,,1662237026,,N102WM  ,WI81,,KMSN,,PA-31-350,,N102WM
e491c3,1662200490.0,,1662203697,,GLO2078 ,SBGL,,,,737NG 8EH/W,B738,PR-GYA
3ff373,1662196469.0,,1662197928,,DMKUP   ,EDLH,,EDLH,,,,
a56e0d,1662235455.0,,1662244768,,SWA2759 ,KSTL,,KSLC,,737-7H4,B737,N449WN
06a2c5,1662168639.0,,1662215177,,QTR41C  ,KORD,,OTHH,,777-300ER,,A7-BEV
a27f07,1662184668.0,,1662187361,,ASA1177 ,KSEA,,,,737-990ER,B739,N260AK
39b221,1662182198.0,,1662229467,1662229475.0,CMA607  ,,VHHH,LFPG,LFPG,Boeing 777-F,B77L,F-HMRB
71bf00,1662245798.0,,1662247611,,AAR8915 ,RKSS,,,,Boeing 777 28EER,B772,HL7700
841538,1662189420.0,,1662194069,,JAL320  ,RJFF,,RJTT,,A350-941,A359,JA05XJ
a38eb1,1662163325.0,,1662166183,,N3282L  ,KSTS,,KSTS,,172H,,N3282L
4855d2,1662230869.0,,1662238206,,KLM1706 ,LEMD,,EHAM,,Embraer E175STD,E75L,PH-EXP
ade9c0,1662219908.0,,1662229617,,JBU892  ,KTPA,,KBOS,,A321-231,,N996JL
a091d5,1662161934.0,,1662173076,,DAL840  ,KLGA,,KDFW,,BD-500-1A10,,N136DQ
a7cfd2,1662243413.0,,1662244762,,N602MT  ,KIGX,,KHRJ,,EC 135 P2+,,N602MT
e498b1,1662217818.0,,1662219599,,AZU2971 ,,,SBKP,,ATR 72-600,AT76,PR-AKM 
a68631,1662169390.0,,1662171277,,N5197F  ,KAPA,,KAPA,,PA-28-181,,N5197F
a9ebdf,1662230554.0,,1662237979,,N7385W  ,KSUS,,0MN6,,G36,,N7385W
75049d,1662248193.0,,1662248983,,AXM6224 ,,,,,Airbus A320-251N,A20N,9M-RAK
7705c1,1662180090.0,,1662181208,,ALK162  ,,,,,A320 251NSL,A20N,4R-ANA
a1bd37,1662217809.0,,1662219716,,N21099  ,KOQN,,KSMQ,,182P,,N21099
a697f5,1662224134.0,,1662227509,,N524BT  ,KCDW,,KSMQ,,7GCAA,,N524BT
a8dcee,1662233134.0,,1662233789,,NKS270  ,,,KFLL,,A321-231,A321,N670NK
ab9639,1662234374.0,,1662239369,,OAE501  ,KAFW,,KCOS,,777-2U8,B772,N846AX
a07c1a,1662175697.0,,1662176948,,N130KH  ,OI01,,KOSU,,EC 130 B4,EC30,N130KH
aba530,1662230839.0,,1662236091,,N85BZ   ,KFLL,,SC96,,Phenom 300,E55P,N85BZ
ab4ea8,1662215190.0,,1662222983,,AAL1706 ,KDCA,,,,A319-132,A319,N828AW
71c043,1662158266.0,,1662210954,,KAL224  ,KLAX,,RKSI,,Boeing 777-F,B77L,HL8043
abb2e7,1662216323.0,,1662221538,,VAR553  ,KGYR,,KGYR,,SR20,,N853EF
aa9723,1662175867.0,,1662178912,,SWA1584 ,KOAK,,KBUR,,737NG 7K9,B737,N7814B
a5006c,1662226619.0,,1662232250,,N421MC  ,KCMA,,KSTS,,421B,,N421MC
151de2,1662150493.0,,1662163859,,SDM6357 ,ULLI,,,,Airbus A319-111,A319,RA-73186
760995,1662230371.0,,1662241259,,PIA247  ,,,OEDF,,A320 214,A320,AP-BLU
a49f89,1662162110.0,,1662171232,,UAL2220 ,KORD,,KMIA,,737-724,B737,N39728
a40d8d,1662163207.0,,1662170097,,DAL2780 ,KATL,,VT26,,A320-212,A320,N360NW
7c5856,1662162847.0,,1662166658,,RXA31   ,YSSY,,YMML,,BOEING 737-800,B738,VH-RQG
a84f5d,1662229470.0,,1662230369,,N6343D  ,KSET,,KSET,,172N,,N6343D
a7d28e,1662219696.0,,1662220522,,N603BS  ,KLCI,,KMHT,,407,R66,N603BS
a0a9f6,1662247908.0,,1662248931,,UCA4912 ,,,,,EMB-145XR,E45X,N14186
151e18,1662235912.0,,1662238450,,PBD311  ,,,,,Boeing 737-8LJ,B738,RA-73240
400a26,1662185800.0,,1662192341,,BAW530  ,EGLL,,,,AIRBUS A320-232,A320,G-EUUR
a81325,1662223764.0,,1662227498,,N6194V  ,KRVS,,KRVS,,172S,,N6194V
a31203,1662223615.0,,1662227138,,N2971N  ,0OK5,,5OK3,,PA-28-236,,N2971N
800fcd,1662204893.0,,1662208566,,VTFPA   ,,,VAID,,Embraer Legacy 650,E35L,VT-FPA
a95cde,1662236331.0,,1662238623,,N702KA  ,1WA9,,KPAE,,DHC-3,,N702KA
4891b6,1662178020.0,,1662184497,,ENT14JY ,,,EPPO,,737NG 8Q8/W,B738,SP-ENX
c0676b,1662219474.0,,1662221506,,CGNEG   ,CCE6,,CSW6,,PA-28-140 (Piper),,C-GNEG
acfdf4,1662222851.0,,1662226647,,SWA4190 ,KSJC,,KLAS,,737-7H4,B737,N936WN
88516f,1662169272.0,,1662177687,,THA600  ,VTBS,,VHHH,,777 3ALER,B77W,HS-TKO
a9eec1,1662226774.0,,1662227819,,N739ZH  ,KN14,,KN14,,172N,,N739ZH
ab7080,1662175743.0,,1662183387,,ASA823  ,KPDX,,KSNA,,A320-214,A320,N836VA
a116e8,1662209612.0,,1662211144,,N17AV   ,KMVY,,KBID,,PA-28-181,,N17AV
a6f6dd,1662196494.0,,1662199969,,JIA5474 ,KMDT,,2NC1,,CL-600-2D24,CRJ9,N548NN
a07b3e,1662195776.0,,1662205955,,AAL2340 ,KPHL,,KDFW,,A321-231,A321,N130AN
485085,1662194659.0,1662194664.0,1662199917,1662199884.0,KLM23W  ,EHAM,EHAM,LIMC,LIMC,EMB-190 STD,E190,PH-EXC
a788b5,1662185619.0,,1662186897,,N585CH  ,KC16,,KC16,,MBB-BK 117 C-2,,N585CH
ada115,1662205726.0,,1662206579,,CAP831  ,KSRQ,,KVNC,,,,
71c294,1662192732.0,,1662194886,,TWB9016 ,,,RKSS,,737NG 8Q8/W,B738,HL8294
a178de,1662155636.0,,1662169933,,AAL2307 ,KATL,,KLAX,,A321-211,A321,N194UW
3c56f1,1662177978.0,,1662187120,,EWG10W  ,EDDK,,,,A320 214SL,A320,D-AEWQ
76d1c6,1662213810.0,,1662216767,,TGW653  ,,,WSAG,,,,
ab2c8e,1662170105.0,,1662182429,,UAL1263 ,KORD,,,,A319-131,A319,N819UA
a2a06d,1662238423.0,,1662240215,,N269AA  ,KCGF,,KBUF,,HAWKER 850XP,H25B,N269AA
a29391,1662160089.0,,1662171205,,SWA1307 ,KORD,,KPHX,,737-7H4,B737,N265WN
a4d946,1662228248.0,,1662235954,,EJA411  ,KSAN,,KHIO,,EMB-505,E55P,N411QS
a6e024,1662217468.0,,1662224193,,N542JB  ,KFET,,K5C1,,PC-24,,N542JB
abe42c,1662165908.0,,1662177018,,SWA2794 ,KMDW,,KPHX,,737-8H4,B738,N8653A
a6d0f1,1662222548.0,,1662226677,,N5383L  ,KFOK,,K1B2,,PA-28-180,,N5383L
a5eb3c,1662245806.0,,1662247260,,N4802E  ,CZBB,,CZBB,,AT-6A,T6,N4802E
c038a7,1662193830.0,1662194173.0,1662219283,1662219282.0,ACA845  ,EDDF,EDDF,CYUL,CYUL,787-9 (Boeing),,C-FVLU
ab3dc3,1662219797.0,,1662227337,,UAL1259 ,KSJC,,KDEN,,A319-131,A319,N823UA
c827b1,1662161082.0,,1662163574,,ANZ420  ,,,NZAA,,A320-271N,A20N,ZK-NHC
484416,1662165364.0,,1662176459,1662176458.0,KLM428  ,,OMDB,EHAM,EHAM,777 206ER,B772,PH-BQM
a32bf5,1662244061.0,,1662245151,,AAL920  ,,,KTMB,,737-8,,N303RG
ab754a,1662219775.0,,1662224127,,N8374L  ,KVGT,,KVGT,,172I,,N8374L
4ca736,1662198557.0,1662198558.0,1662206975,,RYR71HN ,LIPH,LIPH,,GMFF,BOEING 737-8AS,B738,EI-EBM
a69e45,1662213367.0,,1662214946,,N5253C  ,KFRG,,KFRG,,172S,,N5253C
a22702,1662174662.0,,1662176966,,JBU2516 ,KJFK,,KSYR,,ERJ 190-100 IGW,E190,N238JB
4b1812,1662199601.0,1662199741.0,1662206757,1662206279.0,SWR400N ,LSZH,LSZH,EIDW,EIDW,A320-271N,A20N,HB-JDA
c82835,1662237883.0,,1662240476,,ANZ813M ,,,NZWN,,ATR 72-600 (212A),AY72,ZK-MZA
7c6de4,1662196209.0,,1662198225,,QFA837  ,,,YMML,,737-838,B738,VH-VZQ
a697db,1662188185.0,,1662204196,,ASA748  ,KSEA,,KATL,,737-890,B738,N524AS
a19dd0,1662162591.0,,1662163822,,N203GT  ,KTDZ,,68MI,,172N,,N203GT
a19404,1662179254.0,,1662184432,,SWA2146 ,KPHX,,KSJC,,737-7H4,B737,N200WN
ab7579,1662210684.0,,1662213206,,N8375Y  ,7IN6,,II59,,PA-30,,N8375Y
4520aa,1662226818.0,,1662238690,1662238689.0,CFG1KM  ,,GCFV,EDDS,EDDS,Airbus A320-214,A320,LZ-FBG
4ca4eb,1662191716.0,,1662196373,,RYR1988 ,LFBO,,LPPR,,BOEING 737-8AS,B738,EI-DPG
0d0de8,1662222504.0,,1662223908,,VIV1022 ,,,,,Airbus A321-231,A321,XA-VBT
a4d687,1662240812.0,,1662246824,,N4100Q  ,K21D,,K21D,,PA-28-181,,N4100Q
a0187d,1662175090.0,,1662175874,,N105NK  ,25VA,,KRIC,,MBB-BK 117 C-2,,N105NK
4408ff,1662159052.0,,1662225643,1662225638.0,TAY802  ,,UACC,EBLG,EBLG,Boeing 747-4B5ERF,B744,OE-IFD
3c56a3,1662237551.0,,1662245967,,GEC8346 ,EDDF,,,,A321-211,A321,D-AEUC
ab9baa,1662229935.0,,1662231499,,GAJ847  ,KISP,,KMMU,,B300,B350,N847UP
aa2d6b,1662187625.0,,1662189171,,N755JG  ,,,WMSA,,560XL,TBM9,N755JG
a39d95,1662208114.0,,1662214003,,DAL1164 ,KATL,,29MO,,,,
89659d,1662183032.0,,1662188260,,ABY151  ,OMSJ,,OERK,,Airbus A321-251NX,A21N,A6-ATF
a0a6c5,1662163426.0,,1662168417,,DAL2144 ,KSJC,,KSLC,,BD-500-1A10,,N141DU
a6e882,1662225561.0,,1662242153,,N544TS  ,KVGT,,KAVX,,,,
c06362,1662220001.0,,1662225658,,POE940  ,KBOS,,CYTZ,,DHC-8-402 (Dehavilland),DH8D,C-GLQN
8014de,1662180910.0,,1662187482,,IGO2144 ,VIDP,,,,,,
a12253,1662219643.0,,1662221021,,N172TQ  ,K14A,,KSVH,,172R,,N172TQ
4d2103,1662207390.0,1662207499.0,1662214768,1662214767.0,AXY225F ,LFMN,LFMN,EGGW,EGGW,CRJ 200ER,CRJ2,9H-JOY
a5e589,1662225148.0,,1662227472,,N47943  ,KHTO,,KEWB,,,,
aa190a,1662221730.0,,1662225040,,N75PW   ,KESN,,KESN,,M20K,,N75PW
40643d,1662191539.0,,1662194486,,EZY24NP ,EGAA,,EGGD,,AIRBUS A320-214,A320,G-EZUC
899058,1662170767.0,,1662172543,,MDA1267 ,RCSS,,,,,,
a81183,1662224953.0,,1662227039,,N619PS  ,KHWD,,KO22,,SR22T,,N619PS
a0b6f5,1662180318.0,,1662182449,,N145TJ  ,KPHL,,KOBI,,MBB-BK 117 C-2,EC45,N145TJ
7020ab,1662184146.0,,1662191718,,UBG205  ,VGTJ,,VOMM,,Boeing 737-8GJ,B738,S2-AJE
3ecd4d,1662200479.0,,1662203794,,DKSSB   ,,,EDTC,,HK 36TTC 115 Super Dimona,DIMO,D-KSSB
4bc84b,1662227990.0,,1662246380,,PGT651  ,LTFJ,,GMMN,,,,
a5d3c7,1662164480.0,,1662166426,,N475BA  ,KRNT,,5WA2,,A5,,N475BA
34364e,1662218499.0,1662218500.0,1662225982,1662225976.0,ANE81ZZ ,LEMD,LEMD,EDDF,EDDF,Bombardier CRJ 1000 NG,CRJX,EC-LJR
c08383,1662225773.0,,1662227450,,CGXUW   ,CYWG,,,,SR22T (Cirrus),,C-GXUW
4b1620,1662215746.0,1662215747.0,1662223464,,EDW348W ,LSZH,LSZH,,LGIR,A320-214,A320,HB-IJW
a7de54,1662232151.0,,1662234396,,N606JC  ,2TS6,,2TE2,,150M,,N606JC
40263e,1662215769.0,,1662220625,,GBMJD   ,EGNX,,EGNX,,CESSNA 152,C152,G-BMJD
a6b0a0,1662224091.0,,1662229813,,BYF6    ,KSQL,,KSQL,,152,,N530CA
7503db,1662224011.0,,1662236244,,MXD224  ,,,WMKK,,737NG 8GP/W,B738,9M-LNV
48adab,1662207156.0,1662207167.0,1662215567,1662215566.0,LOT3FB  ,LEBL,LEBL,EPWA,EPWA,E195LR,E195,SP-LNL
a97da7,1662164475.0,,1662165802,,SKW3258 ,KPHX,,,,CL-600-2C10,CRJ7,N710SK
a0f2f5,1662230916.0,,1662233155,,KAP444  ,KBOS,,15ME,,402C,,N160PB
7335b0,1662220100.0,,1662222264,,IRM114  ,,,LTFM,,A310 304,A310,EP-MMP
abfcb6,1662227559.0,,1662239606,,SWA1535 ,KDEN,,KMIA,,737-8,B38M,N8712L
a8553c,1662216548.0,,1662217401,,NKS541  ,8TX7,,,,A320-232,A320,N636NK
880859,1662178801.0,,1662179819,,AIQ3239 ,VTBD,,,,A320 251NSL,A20N,HS-BBY
4b0295,1662213488.0,1662213498.0,1662218669,1662218668.0,SWR2566 ,LSZH,LSZH,EKBI,EKBI,,,
8004d6,1662165311.0,,1662173529,,AIC425  ,VIDP,,,,A321 211,A321,VT-PPM
4ca700,1662203861.0,1662203862.0,1662208668,1662208704.0,RYR529U ,LEPA,LEPA,LEZL,LEZL,BOEING 737-8AS,B738,EI-EBC
4ca2ab,1662233749.0,1662233619.0,1662237324,1662237445.0,RYR88BL ,LFRS,LFRS,LFNR,LFML,BOEING 737-8AS,B738,EI-DHX
a17f7a,1662182766.0,,1662183580,,N196LL  ,KROC,,90NY,,BK 117 B-2,BK17,N196LL
aad568,1662209465.0,,1662212729,,N7977W  ,58OH,,KDLZ,,,,
4bb321,1662209822.0,1662209782.0,1662221338,,THY9SD  ,EGKK,EGKK,,LTAI,Boeing 737 MAX 9,B39M,TC-LYA
a6152a,1662200393.0,,1662203036,,EDV4903 ,KROC,,KLGA,,CL-600-2D24,,N491PX
49d423,1662203437.0,1662203438.0,1662211851,1662211958.0,TVS7364 ,EPKT,EPKT,LEGE,LEGE,Boeing 737 MAX 8,B38M,OK-SWM
abb90d,1662165436.0,,1662169161,,SWA1872 ,KBOS,,KBWI,,737-800,B738,N8543Z
ac00b1,1662177660.0,,1662180205,,SWA2506 ,,,KOAK,,737-8,,N8724J
a2b110,1662216766.0,,1662227592,,UAL1777 ,KEWR,,K9X1,,737-8,,N27256
a5912b,1662165881.0,,1662168084,,N458PT  ,,,KPHX,,208B,C208,N458PT
151fef,1662206764.0,,1662214442,,AFL1012 ,UUEE,,,,Airbus A321-211,A321,RA-73711
4d21fe,1662223897.0,,1662233849,,RYR5976 ,LIME,,EFHK,,Boeing 737-8AS,B738,9H-QAN
0d0e4b,1662207288.0,,1662208269,,AMX821  ,,,,,,,
ab35cb,1662232840.0,,1662241464,,AAL1028 ,TNCA,,KMIA,,737-823,B738,N821NN
aaadb2,1662200430.0,,1662208030,,SWA1671 ,KMDW,,KMCO,,737-7Q8,B737,N7876A
aabbd2,1662213611.0,,1662219628,,ATN3240 ,KRFD,,,,767-281,B762,N791AX
4ca9c2,1662233012.0,,1662238270,,RYR9802 ,EGSS,,,,BOEING 737-8AS,B738,EI-EVB
4d02dc,1662193829.0,1662193716.0,1662199328,1662199324.0,JFA37S  ,LFRV,LFRV,ELLX,ELLX,PC-12/47E NGX	,PC12,LX-FLI
ab6b45,1662208658.0,,1662213852,,DAL502  ,KDTW,,KATL,,737-932ER,B739,N835DN
a4b294,1662163728.0,,1662168131,,RPA4823 ,KDCA,,KSDF,,ERJ 170-200 LR,E75S,N401YX
a6b0a0,1662161587.0,,1662169445,,BYF6    ,KSQL,,KSQL,,152,,N530CA
8681b4,1662175666.0,,1662180136,,SKY010  ,RJFF,,RJTT,,737NG 81D/W,B738,JA73NN
a944b9,1662215656.0,,1662220062,,ENY3604 ,KORD,,CYYZ,,EMB-145LR,E145,N697AB
80057c,1662221115.0,,1662229080,,AIC808  ,VOBL,,VIDP,,A320 214,A320,VT-EDD
acdffc,1662238350.0,,1662242567,,DAL2555 ,KMSP,,KDTW,,737-900ER,,N929DZ
c06751,1662201928.0,,1662212099,,WSW644  ,CYYZ,,,,737-8CT (Boeing),B738,C-GNDG
ac5f28,1662238247.0,,1662239570,,N89681  ,KDTO,,KDTO,,152,,N89681
a0a11d,1662224366.0,,1662225687,,N14HY   ,KFAR,,4ND8,,A-1C-180,,N14HY
48c586,1662221732.0,,1662233338,,SPSMG   ,EPPO,,EPPO,,Tecnam P-2008 JC,P208,SP-SMG
3d09fe,1662202186.0,,1662203038,,DECAO   ,EDHK,,EDHK,,172R Skyhawk,C172,D-ECAO
a5555c,1662229979.0,,1662230969,,N4427D  ,KFKR,,KEYE,,G35,,N4427D
4ca84d,1662234933.0,,1662243430,1662243429.0,RYR1ZD  ,LEMP,LEMI,EGBB,EGBB,BOEING 737-8AS,B738,EI-EME
a9ea96,1662228550.0,,1662230484,,AAL1663 ,KPHL,,CT14,,A319-112,A319,N738US
a4b827,1662228245.0,,1662235825,,DAL572  ,KATL,,KBOS,,A330-941,,N403DX
a0d94d,1662176307.0,,1662178805,,N154CR  ,KF70,,KCMA,,SR22T,,N154CR
a88260,1662209529.0,,1662211018,,N64754  ,KSFQ,,KSFQ,,172P,,N64754
a543f2,1662208269.0,,1662209545,,N4385W  ,7OA7,,7OA7,,PA-28-161,,N4385W
758502,1662202401.0,,1662203988,,APG605  ,RPLL,,,,,,
39666f,1662182433.0,,1662186267,,FPO851  ,LFPG,,,,737NG 71B/W,B737,F-GZTP
c828ca,1662245319.0,,1662246599,,ZKEBM   ,NZWL,,NZWL,,PA-28-161 Warrior II,P28A,ZK-EBM
ab7d25,1662232162.0,,1662233247,,N8397Q  ,KBFI,,KBFI,,U206F,,N8397Q
a27333,1662163413.0,,1662168920,,N257TL  ,KHWD,,KHWD,,SR20,,N257TL
a83174,1662210368.0,,1662215608,,NKS1946 ,KMCO,,KBNA,,A320-232,A320,N627NK
a2f829,1662162339.0,,1662164789,,N2902S  ,KSMO,,KSMO,,PA-28-181,,N2902S
a37eff,1662237308.0,,1662243219,,DAL724  ,KATL,,KMCI,,A320-211,A320,N324US
4d222c,1662207540.0,,1662212658,,RYR96JK ,,,LIME,,Boeing 737-8AS,B738,9H-QCX
aa30c4,1662242353.0,,1662245273,,N756EN  ,50PA,,KFRG,,TU206G,,N756EN
a60dd4,1662171641.0,,1662173135,,N49AW   ,,,3AK4,,DHC-3,DH3T,N49AW
c8195c,1662237162.0,,1662239515,,ANZ530L ,NZWN,,,,DHC-8 311Q,DH8C,ZK-NEH
506f24,1662201933.0,1662201907.0,1662204558,1662204557.0,LSV101  ,LJLJ,LJLJ,LYBE,LYBE,Falcon 2000EX,F2EX,L1-01
a359bc,1662167347.0,,1662175283,,DAL1027 ,KMSP,,KLGA,,A321 211SL,A321,N315DN
a5d570,1662217128.0,,1662223405,,UAL1981 ,8TX7,,KTPA,,A320-232,A320,N475UA
800c34,1662223993.0,,1662228036,,GOW242  ,,,VOBL,,A320 271NSL,A20N,VT-WGF
151ffc,1662236610.0,,1662243789,,AFL1326 ,UUEE,,ULMM,,Airbus A321-211,A321,RA-73724
a43ee8,1662217414.0,,1662218501,,UAL2043 ,8TX7,,,,737-824,B738,N37293
a9e391,1662209763.0,,1662214248,,RPA3454 ,KCMH,,KEWR,,ERJ 170-200 LR,E75L,N736YX
a6066b,1662231585.0,,1662234329,,N488BA  ,KBED,,KBED,,172N,,N488BA
34568c,1662224022.0,,1662235758,,VOE54PP ,LGAV,,LFBD,,,A319,EC-MUU
a6c311,1662221110.0,,1662238095,,ASA922  ,KSEA,,KBWI,,737-890,B738,N535AS
151dff,1662212109.0,,1662219945,,SDM6444 ,,,ULLI,,A319-115 ,A319,RA-73215
a24a0a,1662211541.0,,1662219850,,ASA617  ,KONT,,KSEA,,737-990ER,B739,N247AK
ad36a8,1662165607.0,,1662171417,,SWA1426 ,KABQ,,KBUR,,737-7H4,B737,N950WN
a1d93b,1662212563.0,,1662215622,,SWA4664 ,KSMF,,KBUR,,737-7H4,B737,N218WN
a017fc,1662234380.0,,1662235829,,N105HF  ,KISP,,KISP,,172S,,N105HF
c80782,1662235414.0,,1662241213,,NPR34   ,NZNR,,NZWB,,,,
800d60,1662192216.0,,1662194785,,IGO512  ,VECC,,,,Airbus A320-271N,A20N,VT-IZR
3c6442,1662225197.0,1662225162.0,1662229299,1662229298.0,DLH55A  ,LFML,LFML,EDDM,EDDM,Airbus A319 112,A319,D-AIBB
aa8bbc,1662218630.0,,1662219539,,N779PA  ,K61B,,KU30,,EC 130 B4,EC30,N779PA
4baa6f,1662244604.0,,1662245784,,THY6CJ  ,,,,,A321 231SL,A321,TC-JSO
a56e0d,1662170434.0,,1662174474,,SWA1317 ,KSMF,,KSAN,,737-7H4,B737,N449WN
485a84,1662221892.0,1662221898.0,1662229486,1662229527.0,TFL7BJ  ,EHAM,EHAM,LEPA,LEPA,Boeing 737 MAX 8,B38M,PH-TFR
aa0906,1662173413.0,,1662175901,,N746C   ,KORS,,KS50,,SR22,,N746C
44004f,1662230193.0,1662230194.0,1662234029,1662233793.0,AUA1FR  ,LOWW,LOWW,EDDF,EDDF,A320 214,A320,OE-LBQ
845ebc,1662171573.0,,1662175185,,ADO127  ,RJGG,,,,737NG 781/W,B737,JA11AN
8514f8,1662192025.0,,1662195647,,JAL439  ,RJTT,,RJOM,,737NG 846/W,B738,JA323J
a62c1a,1662196963.0,,1662206149,,SWA1777 ,KFLL,,KMDW,,737-7H4,B737,N497WN
a8f371,1662172312.0,,1662178656,,EJA676  ,KOMA,,KSGR,,680A,,N676QS
7c6bf2,1662185852.0,,1662188638,,VLW     ,,,YSBK,,58 BARON,BE58,VH-VLW
ae68ad,1662206843.0,,1662218811,,        ,KMIA,,TJSJ,,328-110 C-146A,D328,97-3091
484443,1662208533.0,1662208534.0,1662235072,1662235070.0,KLM275  ,EHAM,EHAM,KIAD,KIAD,A330 203,A332,PH-AOD
a0e9a1,1662226212.0,,1662228018,,N158TS  ,KEDJ,,KEDJ,,DA 42,,N158TS
a41c97,1662156226.0,,1662174114,,EJA364  ,KPBI,,KLAS,,680,C680,N364QS
adcca5,1662163821.0,,1662167086,,DAL2992 ,KSDF,,KATL,,717 23S,B712,N989AT
4d2262,1662231976.0,,1662236685,,RYR39YD ,,,LOWW,,Boeing 737-8AS (W),B738,9H-QAY
a1c16d,1662214454.0,,1662221010,,N212F   ,KOQN,,KBDL,,PA-28-180,,N212F
aaa0d1,1662222840.0,,1662228227,,EJA784  ,,,KDAL,,BD-100-1A10,CL35,N784QS
a3d86a,1662188406.0,,1662189879,,N347MH  ,,,KMDD,,Citation I,C501,N347MH
a00067,1662173754.0,,1662179232,,N1EA    ,KHDC,,KFYV,,EA500,,N1EA
3d1467,1662196505.0,,1662198291,,DEFZB   ,EDQC,,EDQY,,PA-28 161 Warrior II,P28A,D-EFZB
4ca9aa,1662229890.0,,1662236329,,RYR1211 ,EGSS,,,,Boeing 737 MAX 8-200,B38M,EI-HAY
a3b88e,1662237795.0,,1662242498,,AAL1833 ,KCLT,,KF45,,737-800,B738,N339PL
a3a20e,1662234435.0,,1662236562,,N333MG  ,KROA,,,,680,C680,N333MG
aa544f,1662225372.0,,1662226063,,N765CB  ,NJ06,,K19N,,PA-28R-200,,N765CB
4bcda5,1662159409.0,,1662170360,,SXS3W   ,EDDK,,LTAI,,Boeing 737 MAX 8,B38M,TC-SME
a2b3a2,1662174198.0,,1662177747,,SWA455  ,CA84,,KOAK,,737-7H4,B737,N273WN
44d2ab,1662199365.0,,1662207596,,JAF7PB  ,LICA,,EBBR,,737NG 86J/W,B738,OO-TUK
44009b,1662222354.0,1662222355.0,1662226248,1662226246.0,OEFMG   ,LIPZ,LIPZ,LKPR,LKPR,Eclipse 500,EA50,OE-FMG
8013ae,1662177093.0,,1662184151,,IGO325  ,,,VOBL,,Airbus A321-271NX,A21N,VT-IUK
a20388,1662235833.0,,1662236950,,N229ME  ,KUMP,,KUMP,,172S,,N229ME
4d21e9,1662205126.0,1662205132.0,1662211337,1662211335.0,RYR12NN ,LIRF,LIRF,LFBD,LFBD,Boeing 737-8AS,B738,9H-QAA
aab18c,1662220391.0,,1662223168,,SWA4528 ,KLBB,,KDAL,,737-752,,N7887A
a92365,1662216091.0,,1662231598,,UAL546  ,,,KIAD,,737-924ER,B739,N68805
a1ba0f,1662186016.0,,1662189910,,FFT575  ,KDEN,,KSLC,,A320-214,A320,N210FR
a5f950,1662223846.0,,1662225648,,N484V   ,,,9WN4,,S-20,,N484V
a3025d,1662221082.0,,1662222868,,GPD293  ,KOXC,,MA72,,PC-12/47E,,N293TW
a7b4ea,1662201483.0,,1662204544,,JIA5469 ,KBUF,,KDCA,,CL-600-2D24,CRJ9,N596NN
49c1e9,1662191141.0,,1662192447,,OKXUV71 ,LKHN,,LKMK,,Atec 321 Faeta NG,FAET,OK-XUV71
a67d17,1662176016.0,,1662177520,,SKW6288 ,KPHX,,KTUS,,ERJ 170-200 LR,,N517SY
abc2b1,1662208759.0,,1662211031,,PDU57   ,KLAF,,KLAF,,PA-28-181,,N857PU
a4b1e8,1662211988.0,,1662214280,,N401S   ,KLGA,,KHTO,,208B,C208,N401S
ab314f,1662209673.0,,1662211274,,ERU820  ,KDAB,,K28J,,172S,,N820ER
06a046,1662131123.0,,1662167415,,QTR90F  ,DAAG,,,,A330-202,A332,A7-ACG
44003a,1662193848.0,,1662198370,,AUA4RF  ,LFMN,,LOWW,,A321-211,A321,OE-LBE
4891b6,1662201137.0,1662201142.0,1662208039,1662208013.0,ENT16JK ,LGTS,LGTS,EPPO,EPPO,737NG 8Q8/W,B738,SP-ENX
896196,1662200588.0,,1662228901,,UAE47E  ,OMDB,,OMDB,,A380 861,A388,A6-EEW
a01880,1662203633.0,,1662222103,,AAL1    ,KJFK,,KLAX,,A321-231,A321,N105NN
c818ad,1662244770.0,,1662247466,,ZKJRA   ,NZAR,,NZAR,,Cessna 172S Skyhawk SP,C172,ZK-JRA
3949eb,1662153286.0,1662153287.0,1662186043,1662186031.0,AFR379  ,CYVR,CYVR,LFPG,LFPG,777 228ER,B772,F-GSPL
c07f47,1662168350.0,,1662170259,,WEN3507 ,CYYZ,,CYXU,,DHC-8-402 (Dehavilland),DH8D,C-GWFE
a00add,1662245389.0,,1662247606,,N10101  ,PN66,,PN66,,150L,,N10101
acd88e,1662210642.0,,1662226168,,DAL356  ,KATL,,KSMF,,737-900ER,,N927DZ
a7d423,1662230323.0,,1662232012,,LAK603  ,KBVY,,KFOK,,560XL,,N603TX
ab5031,1662236840.0,,1662238666,,N828SP  ,,,KVNY,,172S,,N828SP
abeeea,1662220400.0,,1662231257,,SWA824  ,KOAK,,KAUS,,737-8H4,B738,N8680C
4cc277,1662163653.0,,1662167780,,ICE681  ,,,KSEA,,757 256/W,B752,TF-FIK
407b87,1662205120.0,,1662206539,,GGGBD   ,EGXH,,EGSI,,Piper PA-32R-301T,P32R,G-GGBD
c05ed8,1662189481.0,,1662190709,,ACA513  ,CYYZ,,CYYZ,,Airbus A220-300,BCS3,C-GJXV
c06a8b,1662245463.0,,1662247736,,JZA731  ,CYYZ,,KBKL,,CL-600-2B19 (Series 100) (Bombardier),CRJ2,C-GOJA
a87196,1662224888.0,,1662236632,,NKS566  ,KLAS,,KIND,,A320-232,A320,N643NK
4ba9ed,1662164586.0,,1662170398,1662170626.0,THY095  ,,OEJN,LTBA,LTFM,A330 302,A333,TC-JOM
7804d5,1662171211.0,,1662178897,,CBJ5316 ,,,ZBNY,,A319 132,A319,B-6179
a28de3,1662161763.0,,1662174054,,ASA717  ,KDFW,,KSEA,,737-990ER,B739,N264AK
8681b9,1662165810.0,,1662169010,,SKY102  ,RJBE,,RJTT,,737NG 86N/W,B738,JA73NT
3ff8e9,1662201052.0,,1662204568,,DMRVW   ,,,EDCB,,JMB Aircraft VL-3 Evolution,VL3,D-MRVW
501dd0,1662183439.0,,1662184484,,CTN640  ,,,,,DHC-8 402 NG,DH8D,9A-CQE
ab9b9d,1662219917.0,,1662224773,,UAL605  ,KSFO,,KPDX,,A319-131,A319,N847UA
a80870,1662210117.0,,1662211794,,N61672  ,,,KGNC,,172M,,N61672
a2424d,1662230362.0,,1662232307,,N2448B  ,KRVS,,KRVS,,172R,,N2448B
a4d687,1662220305.0,,1662221255,,N4100Q  ,K21D,,45WI,,PA-28-181,,N4100Q
ad2823,1662164146.0,,1662165120,,LTA47   ,5II5,,KIND,,DA 40 NG,,N947L
c82744,1662179627.0,,1662192465,,ANZ149  ,NZAA,,YBBN,,Airbus A321-271NX,A21N,ZK-NNA
abb601,1662176200.0,,1662181569,,SWA2259 ,,,KSLC,,737-800,B738,N8538V
c0703b,1662220137.0,,1662221082,,CGQNA   ,CYOO,,CBN7,,PA-28R-201T (Piper),,C-GQNA
abe450,1662242643.0,,1662245852,,SWA3987 ,KISP,,KBWI,,737-8H4,B738,N8654B
e8046a,1662167690.0,,1662169805,,LPE2483 ,,,,,Airbus A320-214,A320,CC-BLE
a1c82a,1662144461.0,,1662184827,,UAL857  ,KSFO,,RKSI,,777-300ER,B77W,N2138U
a8faa6,1662223151.0,,1662229889,,NKS145  ,KFLL,,MDSD,,A321-231,A321,N678NK
800bfe,1662201360.0,,1662204538,,FLG215  ,,,VECC,,,,
0a0051,1662214300.0,,1662215003,,DTH1201 ,,,DAAG,,DHC-8 402,DH8D,7T-VCM
a3ad5a,1662243728.0,,1662247879,,DAL2943 ,,,KMSP,,A320-212,A320,N336NW
ac8777,1662212238.0,,1662217435,,SWA3906 ,KDCA,,KMDW,,737-7H4,B737,N906WN
abecc8,,,1662220763,,N868CG  ,,,KSWF,,560XL,,N868CG
8013ad,1662214293.0,,1662217525,,IGO5278 ,VOMM,,,,Airbus A321-271NX,A21N,VT-IUJ
44082b,1662218250.0,1662218259.0,1662220275,1662220273.0,AUA710P ,LKPR,LKPR,LOWW,LOWW,EMB-195 LR,E195,OE-LWO
a4f0ad,1662236394.0,,1662237958,,N4171S  ,KFUL,,KFUL,,A36,,N4171S
adbcd8,1662162634.0,,1662163795,,N9843Y  ,KPWT,,KRNT,,,,
0d0ae8,1662164826.0,,1662170756,,SLI476  ,,,8TX7,,Embraer E190LR,E190,XA-AEO
c00d51,1662158750.0,,1662163349,,FLE1307 ,CYOW,,CYHZ,,BD-100-1A10 (Bombardier),CL35,C-FFBC
ac7b8a,1662234798.0,,1662244570,,AAL510  ,KTPA,,5TX6,,737-823,B738,N903NN
a13391,1662185808.0,,1662213658,,DAL9890 ,ESSA,,KJFK,,767-332,B763,N177DZ
394a2a,1662204220.0,,1662204957,,FGSRK   ,LFXU,,LFXU,,DR.400 120 Dauphin 2+2,DR40,F-GSRK
800b0a,1662194470.0,,1662212666,,IAD1531 ,VOBL,,VOBL,,A320 216SL,A320,VT-ATB
a26b4a,1662203120.0,,1662209513,,ENY3851 ,KTYS,,KMIA,,ERJ 170-200 LR,E75L,N255NN
0200ae,1662244706.0,1662244708.0,1662245817,,RAM1420 ,GMMN,GMMN,,GMMH,737NG 8B6/W,B738,CN-ROY
aa56b4,1662213010.0,,1662225832,,UAL616  ,KSEA,,KORD,,737-824,B738,N76515
a326dc,1662219032.0,,1662219648,,N302BC  ,KZ98,,76MI,,A36,,N302BC
885107,1662169631.0,,1662190167,,THA683  ,RJTT,,VTBS,,A350 941,A359,HS-THG
4ca2a7,1662224415.0,,1662231195,,RYR9903 ,LEBL,,EHEH,,BOEING 737-8AS,B738,EI-DHS
a44596,1662208757.0,,1662209369,,N3744L  ,KFTW,,K9F9,,172G,,N3744L
e082d5,1662201738.0,,1662203068,,ARG1482 ,SAEZ,,,,,,
3c6637,1662221492.0,1662221493.0,1662225022,1662225054.0,DLH2081 ,EDDH,EDDH,EDDM,EDDM,A320 211,A320,D-AIQW
a08663,1662231274.0,,1662236945,,AAL2397 ,KCLT,,KFLL,,A321-231,A321,N133AN
c060b4,1662213813.0,,1662220514,,POE228  ,CYHZ,,CYOW,,DHC-8-402 (Dehavilland),DH8D,C-GKQD
4408a2,1662216905.0,,1662224164,,EJU41PF ,LIMC,,,,,,OE-IJS
4d2260,1662233134.0,,1662238996,,RYR757Y ,LFOB,,LIRA,,Boeing 737-8AS,B738,9H-QDS
a54299,1662163945.0,,1662166280,,U1630   ,KDEN,,,,A320-232,A320,N438UA
a9dfd8,1662239642.0,,1662240539,,N735YV  ,PA08,,PA81,,182Q,,N735YV
4010dd,1662207097.0,,1662211210,,SHT9B   ,EGPH,,EGLL,,AIRBUS A321-231,A321,G-EUXM
add012,1662233569.0,,1662234277,,SJN3    ,KBLI,,KORS,,172M,,N9898Q
899149,1662178507.0,,1662179562,,MDA340  ,,,RCDC,,,,
a7ec02,1662232819.0,,1662235536,,N6097G  ,KFRG,,KFRG,,172S,,N6097G
ada93f,1662217601.0,,1662218598,,N98ER   ,KN14,,KN14,,,,
a19b72,1662226803.0,,1662230587,,SWA3452 ,KLAS,,KOAK,,737-7H4,B737,N202WN
a89002,1662237334.0,,1662243160,,N65065  ,PAMR,,PAMR,,172P,,N65065
7504d8,1662235740.0,,1662246588,,RMY3508 ,,,WMSA,,Boeing 767-232(BDSF),B762,9M-RXB
4b4443,1662204859.0,,1662205579,,HBZWD   ,,,LSZB,,Bell 505 Jet Ranger X,B505,HB-ZWD
a6c07f,1662230836.0,,1662233143,,NKS215  ,KMCO,,KMIA,,A319-132,A319,N534NK
a45051,1662200015.0,,1662202838,,DAL689  ,,,KATL,,737NG 832/W,B738,N3771K
4a09ac,1662195271.0,,1662200846,1662200844.0,BLA8HB  ,,LICC,LROP,LROP,737NG 82R/W,B738,YR-BML
a5f67f,1662166604.0,,1662167448,,N4833   ,KRBD,,KRBD,,206L-3,B06,N4833
a15c01,1662218722.0,,1662222501,,SKW3542 ,KSTL,,KMSP,,CL-600-2D24,CRJ9,N187PQ
abd4e7,1662245310.0,,1662247450,,SWA3404 ,KLAS,,KONT,,737-8H4,B738,N8610A
a097ce,1662182613.0,,1662227304,,UAL508  ,8TX7,,KDWH,,737-724,B737,N13718
899149,1662204255.0,,1662205693,,MDA310  ,,,RCDC,,,,
39986e,1662226789.0,,1662230136,,FHGDO   ,,,LFPL,,,,
8830e9,1662173863.0,,1662175169,,TLM783  ,,,,,,,
a071a7,1662221640.0,,1662223837,,N128CL  ,KESN,,KVAY,,G36,,N128CL
800d94,1662218734.0,,1662222686,,VTI953  ,VIDP,,,,Boeing 737-8AL,B738,VT-TGB
aced8f,1662166720.0,,1662168258,,SKW350R ,KDEC,,12LL,,CRJ 200ER,CRJ2,N932EV
a5b954,1662212198.0,,1662219221,,SWA3735 ,KHOU,,KMDW,,737-7H4,B737,N468WN
4bab27,1662206161.0,,1662208048,,THY6WD  ,LTFM,,,,737NG 9F2ER/W,B739,TC-JYG
7504df,1662196641.0,,1662204116,,NEP621  ,WBKL,,WMKK,,Boeing 737-3Z0(SF),B733,9M-NET
48c131,1662184525.0,,1662191456,,RYR1647 ,EPWR,,EGNX,,Boeing 737-8AS,B738,SP-RKS
71bc13,1662165673.0,,1662176323,,AAR952  ,VHHH,,RKSI,,Boeing 747 48E BDSF,B744,HL7413
4bb86a,1662216796.0,,1662224114,,PGT58F  ,EDDM,,LTFJ,,A320-251N,A20N,TC-NCJ
4ba932,1662199355.0,,1662206874,,THY1BQ  ,EDDM,,LTFM,,A330 223,A332,TC-JIR
a03096,1662209669.0,,1662213448,,N111GX  ,8CO2,,KAPA,,REMOS GX,,N111GX
a73dfe,1662151754.0,,1662164148,,JBU2804 ,TJSJ,,KJFK,,A320-232,A320,N566JB
accf1c,1662236402.0,,1662239275,,EDV5157 ,42VT,,KJFK,,CL-600-2D24,CRJ9,N924XJ
155c06,1662208159.0,,1662218401,,AZO810  ,,,UUWW,,,,
a81832,1662209184.0,,1662212142,,SKQ66   ,,,KTYS,,PC-XII 45,PC12,N620WA
7c6ca0,1662200424.0,,1662206727,,JST450  ,YMML,,YBCG,,A320-232,A320,VH-VQQ
3e6f3d,1662210733.0,,1662211808,,DKHIB   ,EDRI,,EDRI,,Schempp-Hirth LS-8T,GLID,D-KHIB
a286be,1662218097.0,,1662218923,,N262DH  ,2GA0,,KWDR,,SR22,,N262DH
405e24,1662195080.0,,1662203629,,TOM469  ,,,EGBB,,BOEING 737-8K5,B738,G-FDZS
7c4f1f,1662191797.0,,1662193427,,AE921   ,YSBK,,,,Citation Mustang,C510,VH-PWX
8681ac,1662190387.0,,1662194951,,SKY018  ,RJFF,,RJTT,,737NG 82Y/W,B738,JA73NE
c82741,1662173503.0,,1662182288,,ANZ146  ,YBBN,,NZAA,,Boeing 787-9 Dreamliner,B789,ZK-NZQ
aaac36,1662213072.0,,1662215207,,TRF536  ,KADS,,TE34,,,,
aba7b0,1662227439.0,,1662237522,,DAL1855 ,KJFK,,,,737-932ER,B739,N850DN
484186,1662206283.0,,1662211547,,TRA5423 ,EHAM,,LIRP,,Boeing 737NG 8K2/W,B738,PH-HZL
a854d0,1662214084.0,,1662219928,,JBU787  ,KJFK,,,,A320-232,A320,N636JB
a123bc,1662165979.0,,1662167246,,N17251  ,KUAO,,67OR,,150L,,N17251
ac24e4,1662206813.0,,1662213928,,SWA3515 ,KDEN,,KSJC,,737-8,,N8817L
3946e3,1662203589.0,1662203590.0,1662208855,1662208739.0,AFR63FD ,LFPG,LFPG,EIDW,EIDW,A319 111,A319,F-GRXD
4baa49,1662152601.0,,1662163523,,THY3037 ,EBBR,,LTBY,,Airbus A321 231,A321,TC-JRI
345543,1662216873.0,,1662224828,,ANE73RM ,,,LPMA,,CL-600-2E25 CRJ-1000,CRJX,EC-MRI
a2af09,1662241722.0,,1662243465,,N272MM  ,,,KSLC,,172S,,N272MM
7c6d98,1662182815.0,,1662189727,,QFA625  ,YBBN,,YMML,,737NG 838/W,B738,VH-VXM
a2af09,1662228720.0,,1662229349,,N272MM  ,,,KSLC,,172S,,N272MM
a844c7,1662221249.0,,1662224330,,N6317G  ,KXFL,,KXFL,,172S,,N6317G
49d13f,1662200867.0,1662200870.0,1662206902,,TVS2836 ,LKPR,LKPR,,DTNH,737NG 8FN/W,B738,OK-TVM
ac82f5,1662167108.0,,1662175455,,NKS1608 ,KFLL,,KCLE,,A320-271N,,N905NK
4ca9d4,1662207112.0,,1662211196,,RYR7458 ,LPPR,,LFDN,,BOEING 737-8AS,B738,EI-EVL
a31890,1662234230.0,,1662240174,,SKW3644 ,KLAX,,,,ERJ 170-200 LL,,N299SY
8007f6,1662203790.0,,1662209669,,GOW152  ,,,VIDP,,A320 214SL,A320,VT-GOO
a38ee2,1662235591.0,,1662238112,,N32830  ,9NK4,,K12N,,PA-28-180,,N32830
a24d6b,1662228909.0,,1662233307,,N24775  ,KEDU,,KEDU,,152,,N24775
a03486,1662151318.0,,1662164475,,N112KD  ,KCKV,,KCKV,,G36,,N112KD
ab02fd,1662227397.0,,1662228417,,N80872  ,0WN1,,KYKM,,172M,,N80872
4ca214,1662201168.0,,1662212753,,EIN80E  ,LDDU,,EICK,,A320-214,A320,EI-DEE
31ff13,1662242175.0,,1662243857,,LVHKQ   ,SADM,,,,,,
ab356b,1662228783.0,,1662231597,,JRE821  ,,,KOQW,,560XL,,N821JS
7c6a8c,1662179610.0,,1662181556,,VOZ375  ,YBBN,,,,737NG 7FE/W,B737,VH-VBY
4ba90d,1662186947.0,,1662189178,,THY3ZQ  ,,,LTFM,,737NG 8F2/W,B738,TC-JHM
347319,1662205470.0,,1662208476,,IBB962  ,,,LPMA,,,,
ab0299,1662163698.0,,1662166438,,N80847  ,WA09,,KRNT,,172M,,N80847
4038fe,1662194816.0,,1662201748,,GOZEE   ,,,EGLP,,AVID SPEEDWING MK4 Avid Flyer,AVID,G-OZEE
c0226c,1662176382.0,,1662178335,,WJA289  ,CYYC,,CYEG,,737-8 (Boeing),B38M,C-FNAX
448da1,1662209527.0,,1662237789,,BCS395  ,71KY,,EBMB,,A330-243F,A332,OO-CMA
a7fb7d,1662170486.0,,1662175635,,SKW3222 ,KDFW,,,,CL-600-2C10,CRJ7,N613SK
471f03,1662238547.0,1662238549.0,1662244303,1662244539.0,WZZ685  ,LOWW,LOWW,,LICC,,,
3cd34e,1662204019.0,1662204021.0,1662209058,1662209057.0,AHO349X ,EGKB,EGKB,EKRK,EKRK,Phenom 300,E55P,D-CHIC
4d227e,1662188536.0,,1662194187,,RYR4WQ  ,EGSS,,LIRP,,Boeing 737-8AS,B738,9H-QAX
7c0876,1662184127.0,,1662192225,,BYG     ,YMEN,,YSBK,,,,
aba7c2,1662237644.0,,1662240380,,VAR250  ,KGYR,,KBXK,,SR20,,N850EF
a513ea,1662231332.0,,1662237470,,SWA4700 ,KBWI,,KSTL,,737-7H4,B737,N426WN
aca534,1662214788.0,,1662221244,,N9137Y  ,KPNE,,KCON,,M20J,,N9137Y
39666f,1662201882.0,1662201884.0,1662209269,1662209262.0,FPO367  ,LFPG,LFPG,DAAG,DAAG,737NG 71B/W,B737,F-GZTP
a2aeec,1662224817.0,,1662225939,,N272LH  ,KBVY,,KBVY,,SM-1019B,,N272LH
a106b4,1662231080.0,,1662232429,,VTE3002 ,KBNA,,,,EMB-135ER,E135,N16502
3444ce,1662236889.0,,1662244497,,EXS54G  ,LEPA,,EGCC,,A330 243,A332,EC-MAJ
502ce8,1662181330.0,1662181193.0,1662188788,1662188559.0,BTI83L  ,EVRA,EVRA,EDDF,EDDF,A220-300 ,BCS3,YL-CSN
70aa67,1662171451.0,,1662175159,,HIM572  ,,,,,A320 214SL,A320,9N-ALM
a6c07f,1662223327.0,,1662226049,,NKS3643 ,,,KMCO,,A319-132,A319,N534NK
ac6724,1662188930.0,,1662193927,,LBQ420  ,KAPA,,KMKC,,EMB-500,E50P,N899DX
4ca6aa,1662178860.0,,1662185804,,RYR9147 ,,LEST,,GCFV,BOEING 737-8AS,B738,EI-DYW
acb053,1662233756.0,,1662235406,,N9167S  ,KJYO,,KCJR,,C23,,N9167S
4ca2ca,1662196249.0,,1662199642,,EIN7HL  ,EGLL,,EICK,,A320-214,A320,EI-DES
abefba,1662227282.0,,1662229305,,SWA4512 ,KLAS,,KPSP,,737-8H4,B738,N8686A
a3338c,1662177171.0,,1662180598,,SKW3603 ,KMSP,,KBIS,,ERJ 170-200 LR,,N305SY
a2abda,1662239072.0,,1662245086,,SKW3586 ,KSEA,,KSFO,,ERJ 170-200 LR,,N271SY
4acaa5,1662182176.0,1662182165.0,1662194087,,SAS7465 ,ENGM,ENGM,,LGKL,,,SE-RUE
469934,1662210304.0,1662210311.0,1662212939,1662213078.0,SEH383  ,LGTS,LGTS,LGAV,LGAV,ATR 72-600,AT76,SX-FIT
a6863c,1662237574.0,,1662243592,,N5197S  ,7MD8,,7MD8,,PA-28-180,,N5197S
4d229d,1662239361.0,,1662247655,,CXI1069 ,EDDK,,,,Boeing 737-85R,B738,9H-CXA
4d22fc,1662235337.0,,1662247863,,JAF2MN  ,,,EBBR,,Airbus A320-214,A320,9H-SLD
7100bd,1662196158.0,,1662200339,,SVA558  ,,,OMDB,,A330 343E,A333,HZ-AQ19
ace6e2,1662199745.0,,1662205215,,AAL530  ,KSYR,,KUZA,,737-823,B738,N930NN
a143c3,1662163241.0,,1662164983,,N1805R  ,KPWK,,KLOT,,A36,,N1805R
800448,1662190295.0,,1662191638,,AXB716  ,,,OMAD,,737NG 8HG/W,B738,VT-AXW
4d2248,1662229195.0,1662229196.0,1662237564,1662237626.0,RYR249P ,EDDK,EDDK,LMML,LMML,Boeing 737-8AS (W),B738,9H-QCR
aac3f4,1662222723.0,,1662224337,,JBU1795 ,KFLL,,,,A320 232,A320,N793JB
884212,1662188649.0,,1662189300,,BKP145  ,VTBS,,,,A319 132,A319,HS-PPR
0d0bb3,1662229189.0,,1662229976,,AMX928  ,,,,,Boeing 737 MAX 9,B39M,XA-HSB
c05b98,1662236888.0,,1662237671,,CGIRV   ,CYYJ,,CYCD,,A185F (Cessna),,C-GIRV
e48afd,1662194970.0,,1662195665,,GLO2121 ,,,,,737NG 8EH/W,B738,PR-GUN
4d2310,1662151842.0,,1662177222,,CFG2017 ,KJFK,,EDDF,,Airbus A330-343,A333,9H-SMD
7c5310,1662166880.0,,1662169539,,QLK162D ,YSSY,,YPMQ,,DHC-8 402,DH8D,VH-QOY
a8b0b2,1662204689.0,,1662205885,,N6591P  ,K29D,,8OH4,,PA-24-180,,N6591P
155bbe,1662184270.0,,1662190946,,SDM6361 ,UUEE,,,,Superjet 100 95 B,SU95,RA-89022
47945c,1662185471.0,1662185480.0,1662192141,1662192138.0,NOZ9XP  ,ENGM,ENGM,LFPG,LFPG,737NG 8JP/W,B738,LN-NII
aa96be,1662160748.0,,1662166189,,SWA473  ,KOAK,,KPHX,,737-76N,B737,N7811F
471f72,1662218712.0,1662218713.0,1662223794,,WZZ1998 ,LSZM,LFSB,,LWOH,A321 231SL,A321,HA-LXQ
a755f1,1662216292.0,,1662228507,,N572BA  ,KVCB,,KCMA,,A5,,N572BA
75807f,1662182551.0,,1662186595,,GAP2970 ,,,RPLL,,A320 214,A320,RP-C8606
40631a,1662240450.0,1662240430.0,1662247770,1662247769.0,EZY13EK ,LEIB,LEIB,EGGD,EGGD,AIRBUS A319-111,A319,G-EZFV
3c65cf,1662237876.0,,1662244878,,DLH2646 ,EDDM,,,,A-320neo,A20N,D-AINO
c07477,1662205878.0,,1662208039,,CGSCS   ,CPU6,,CPS2,,172S (Cessna),,C-GSCS
4692d3,1662194244.0,,1662199673,,AEE1DM  ,EDDM,,LGTS,,A320 232,A320,SX-DVS
a7f732,1662217312.0,,1662221329,,N612LM  ,KTYS,,KCMH,,B300,,N612LM
a3739b,1662224092.0,,1662231012,,N321SD  ,KSAV,,KBOS,,GIV-X (G350),C25B,N321SD
a75235,1662193560.0,,1662194639,,CSI571  ,,,KABQ,,B300,,N571AW
abb440,1662231905.0,,1662242805,,UAL2174 ,CYYC,,KORD,,A319-131,A319,N853UA
44ce75,1662232492.0,1662232493.0,1662236537,1662236514.0,BEL1DV  ,EBMB,EBBR,EKCH,EKCH,A319 111,A319,OO-SSU
4bce0c,1662242406.0,,1662246548,,TCSPL   ,LTBA,,LCEN,,Challenger 300,CL30,TC-SPL
885965,1662212709.0,,1662216167,,TVJ118  ,VTBS,,VTCC,,Airbus A320-214,A320,HS-VKE
a239e0,1662156980.0,,1662165436,,UAL1902 ,,,MGGT,,737-824,B738,N24202
502d3e,1662173292.0,1662173293.0,1662175076,1662175179.0,BTI36V  ,EETN,EETN,EVEA,EVRA,A220-300,BCS3,YL-AAZ
46bc50,1662181814.0,,1662184696,,OAL3004 ,LGAV,,LGTS,,,,
aa1f97,1662162755.0,,1662171216,,AAL796  ,,,KDFW,,A319-112,A319,N751UW
a1c023,1662240143.0,,1662241205,,N2114F  ,5NC3,,KTTA,,PA-28-161,,N2114F
a050c4,1662164398.0,,1662165411,,N11952  ,K2R2,,K2R2,,150L,,N11952
885962,1662220142.0,,1662221186,,TVJ329  ,,,VTBS,,A320 214SL,A320,HS-VKB
3d0d1a,1662193604.0,,1662194411,,DEDFE   ,EDHK,,EDHK,,172R Skyhawk,C172,D-EDFE
461fa7,1662193538.0,,1662206030,1662206008.0,FIN1CX  ,,LGSA,EFHK,EFHK,,,
505c31,1662203052.0,,1662204156,,OMM233  ,LKLT,,LKLT,,,,
e48b01,1662163774.0,,1662166348,,GLO2154 ,,,SBVT,,Boeing 737-8EH,B738,PR-GUV
0d08f3,1662219346.0,,1662234054,,VIV501  ,8TX7,,,,A320 232SL,A320,XA-VAE
155c25,1662174429.0,,1662176166,,SDM6253 ,UUEE,,,,Sukhoi Superjet 100-95B,SU95,RA-89125
a77757,1662168072.0,,1662171436,,EJA580  ,KBUR,,KSFO,,560XL,C56X,N580QS
aaa7aa,1662227538.0,,1662233369,,JIT53   ,KAPA,,84XS,,HA-420,,N786JT
0d0bff,1662196051.0,,1662205465,,AMX694  ,,,CYVR,,Boeing 737 MAX 8,B38M,XA-CCC
aae184,1662219212.0,,1662222198,,N80WM   ,,,,,200,BE20,N80WM
49d3ff,1662189273.0,1662189274.0,1662192554,,OKRAV   ,LKTB,LKTB,LZTT,LZTT,Diamond DA42 NG Twin Star,DA42,OK-RAV
45ac37,1662241472.0,1662241475.0,1662244536,1662244535.0,SAS1428 ,EKCH,EKCH,ESSA,ESSA,A320 232,A320,OY-KAW
867904,1662203746.0,,1662207838,,ANA79   ,RJTT,,RJCJ,,777 281ER,B772,JA717A
a4ac26,1662219333.0,,1662226974,,SDU1316 ,KJWN,,,,G-IV,GLF4,N40VC
501c0f,1662217980.0,1662217983.0,1662221198,1662221196.0,9AJET   ,EDDB,EDDB,EDDL,EDDL,Cessna 525A Citation CJ2,C25A,9A-JET
8963a3,1662180696.0,,1662186802,,UAE9894 ,,,VTBS,,777 F1H,B77L,A6-EFS
e480a3,1662219430.0,,1662222592,,TAM3662 ,SBMT,,,,A321 231,A321,PT-MXA
a82300,1662159665.0,,1662166557,,N623SP  ,KCRQ,,KCRQ,,172S,,N623SP
c07128,1662208919.0,,1662213008,,CGQWD   ,CYKF,,CYKF,,PA-28R-180 (Piper),,C-GQWD
acd0c2,1662218926.0,,1662223049,,ENY3533 ,KORD,,KFSD,,EMB-145LR,E145,N925AE
471f8f,1662182370.0,,1662188044,,WZZ1527 ,,,EDDK,,A320 232SL,A320,HA-LYT
40653e,1662182773.0,,1662187588,,EZY98VC ,EGKK,,LFTH,,Airbus A319-111,A319,G-EZGO
a6be13,1662219797.0,,1662222444,,N5331F  ,NJ16,,KSMQ,,PA-28-140,,N5331F
151ef4,1662155938.0,,1662168267,,SBI2613 ,UUDD,,UNTT,,,,
4b028a,1662228332.0,,1662231301,,SWR539L ,LFMN,,LSZH,,E190-E2,E290,HB-AZA
a40178,1662226091.0,,1662229769,,N3572M  ,KBED,,KBED,,PA-28-161,,N3572M
a04b45,1662186974.0,,1662194798,,N118PW  ,KMKC,,KDAL,,500-B,,N118PW
e48cc8,1662221446.0,,1662222351,,PRGMC   ,SDAM,,SDAA,,Bell 407GX,B407,PR-GMC
71c349,1662205502.0,,1662207088,,KAL1273 ,RKSS,,,,Boeing 737 MAX 8,B38M,HL8349
89630d,1662224512.0,,1662235044,,UAE515  ,VIDP,,OMDB,,777 31HER,B77W,A6-ENK
778827,1662244365.0,,1662247091,,SAW731  ,,,OMAF,,,,
ac8d68,1662168016.0,,1662169588,,N908FG  ,KTTN,,K17N,,172S,,N908FG
484f7e,1662178457.0,,1662184044,,KLM26B  ,LIPE,,EHAM,,EMB-190 STD,E190,PH-EZV
400935,1662228331.0,,1662235888,,BAW851W ,EPWA,,EGLL,,AIRBUS A319-131,A319,G-EUPZ
0d0e2b,1662183947.0,,1662193557,,VIV1248 ,,,MMTJ,,Airbus A321-271NX,A21N,XA-VXA
abca0d,1662241985.0,,1662246969,,N859PA  ,4NY8,,KXLL,,DA 40,,N859PA
a875da,1662201868.0,1662201869.0,1662241760,1662241972.0,UAL160  ,EDDM,EDDM,KEYQ,KIAH,767-322,B763,N644UA
ac4dfb,1662224732.0,,1662233272,,AAL2739 ,KMIA,,,,737-823,B738,N892NN
a697ad,1662216680.0,,1662219220,,N5239G  ,KSET,,7MO2,,172N,,N5239G
a01c34,1662233771.0,,1662234707,,N106NK  ,KHQZ,,KHQZ,,172S,,N106NK
8963ac,1662205877.0,,1662206876,,A6HBT   ,,,,,,,
a75b49,1662224379.0,,1662225855,,N573TT  ,TA87,,KF69,,SR22,,N573TT
300864,1662195886.0,,1662198376,,IMAXT   ,LIPO,,,,Piper PA-28RT-201T Turbo Arrow IV,P28U,I-MAXT
0180a0,1662198901.0,,1662204108,,BNL302  ,LTFM,,,,Airbus A320-200,A320,5A-BRB
ab019b,1662235891.0,,1662237338,,N808WT  ,KOWD,,KOWD,,R44,R44,N808WT
495148,1662231370.0,1662231372.0,1662235276,1662235275.0,TAP1025 ,LEMD,LEMD,LPPT,LPPT,A321 212,A321,CS-TJH
846adc,1662187294.0,,1662191096,,IBX54   ,RJSS,,RJOO,,Mitsubishi CRJ-702ER,CRJ7,JA14RJ
34558e,1662199835.0,1662199840.0,1662203535,1662203525.0,AEA89VM ,LEBL,LEBL,LEMD,LEMD,,,
c01e4f,1662210787.0,1662210788.0,1662213517,1662213515.0,SYB922  ,LIPH,LIPH,LIRA,LIRA,BD-700-1A10 (Bombardier),GLEX,C-FLMK
a54d76,1662233119.0,,1662236413,,OXF2583 ,KE63,,KFFZ,,PA-28-181,,N4403Z
a8aba8,1662160723.0,,1662166976,,NKS2077 ,KBWI,,KMCO,,A321-231,A321,N658NK
a676e5,1662228541.0,,1662242871,,N51539  ,K47N,,K47N,,J-3,,N51539
abe679,1662210312.0,,1662212727,,PDU66   ,31IN,,37IN,,PA-28-181,,N866PU
440484,1662220743.0,,1662234616,,EJU39UD ,LGRP,,LFBD,,Airbus A319-111,A319,OE-LKC
400398,1662220718.0,,1662222419,,VQTWG   ,MBPV,,,,,,
a19204,1662224262.0,,1662225029,,N200AA  ,KIPJ,,01SC,,208B,,N200AA
1505f3,1662180775.0,,1662181896,,RA67059 ,,,UIII,,Let L410UVP-E20 Turbolet,L410,RA-67059
89655a,1662204153.0,1662204154.0,1662227860,1662227881.0,UAE9EX  ,OMDB,OMDB,LFPG,LFPG,A380-800,A388,A6-EVN
485a86,1662179711.0,1662179802.0,1662187493,,TFL3MT  ,EHAM,EHAM,,LGPZ,Boeing 737 MAX 8,B38M,PH-TFU
ab7b02,1662163588.0,,1662174745,,AAL2306 ,KDFW,,KBOS,,737-823,B738,N839NN
a58a41,1662168720.0,,1662170571,,N456V   ,,,KPHX,,PC-12/45,PC12,N456V
8960d8,1662195286.0,,1662196584,,UAE601  ,,,OMDB,,777 36NER,B77W,A6-EBQ
a1dd2d,1662213548.0,,1662220121,,RPA5854 ,KLGA,,KBNA,,ERJ 170-200 LR,,N219YX
a1901c,1662214285.0,,1662217251,,EPI511  ,KEVB,,KEVB,,172S,,N20EP
aab09a,1662224496.0,,1662231100,,SWA3571 ,KBUR,,KDEN,,737-7K5,B737,N7880D
acb963,1662188111.0,,1662189627,,N919PD  ,KJFK,,KJFK,,429,B429,N919PD
4ac9f5,1662225069.0,1662225070.0,1662235669,,SAS7845 ,ESGG,ESGG,,LGSA,A320-251N,A20N,SE-ROU
89914f,1662192872.0,,1662193956,,MDA346  ,,,RCDC,,ATR 72-600,AT76,B-16860 
4cc548,1662196891.0,,1662201647,1662201646.0,ICE306  ,,BIKF,ESSA,ESSA,Boeing 737 MAX 9,B39M,TF-ICD
49c12f,1662187876.0,,1662190077,,OKQAR24 ,LKKM,,LKZA,,,,
4ca8dc,1662197359.0,1662197360.0,1662200038,1662200048.0,ITY1466 ,LIPZ,LIPZ,LIRF,LIRF,A320-214,A320,EI-IKL
a2b135,1662185594.0,,1662186806,,UAL1673 ,KCOS,,KDEN,,737-8,,N27268
501da8,1662215572.0,,1662220347,1662220275.0,CTN4462 ,,LDSP,LSZH,LSZH,DHC-8 402,DH8D,9A-CQA
e490f1,1662246004.0,,1662247753,,TAM3426 ,SBBR,,,,A320 214SL,A320,PR-OCO
4d21fc,1662196743.0,,1662201667,1662201669.0,RYR8PN  ,,LICC,LIPE,LIPE,737-8AS (W),B738,9H-QAL
86803e,1662191130.0,,1662193180,,SKY596  ,,,RJBE,,737NG 8FZ/W,B738,JA737U
a1074e,1662213816.0,,1662216113,,N1655F  ,K1K4,,39OK,,172H,,N1655F
c05e72,1662210221.0,,1662227608,,ROU1901 ,CYYZ,,CYYJ,,A321-211,,C-GJTX
acfbaf,1662223405.0,,1662224485,,N9358C  ,KGYI,,TA93,,PA-28-161,,N9358C
a9b27a,1662226083.0,,1662228941,,N724AT  ,K0W3,,K0W3,,PA-32R-301T,,N724AT
86d200,1662159372.0,,1662163255,,ANA96   ,RJBB,,RJTT,,787 8,B788,JA811A
a5c725,1662232052.0,,1662237389,,AWI3847 ,KORD,,KABE,,CL-600-2B19,CRJ2,N471ZW
c00454,1662234169.0,,1662236661,,CFBQP   ,CZBA,,CZBA,,172L (Cessna),,C-FBQP
44d2b6,1662232295.0,,1662240837,,JAF6FT  ,EHEH,,,,737NG 86J/W,B738,OO-TUV
8013c2,1662198221.0,,1662229828,,VTI017  ,VIDP,,EGLL,,787-9 Dreamliner,B789,VT-TSD
4009d9,1662202854.0,,1662210376,,BAW51P  ,LPPT,,EGLL,,AIRBUS A320-232,A320,G-EUUL
47340e,1662206202.0,1662206205.0,1662211084,1662211083.0,WZZ582  ,ENBR,ENBR,EPGD,EPGD,A320 232,A320,HA-LPN
40312d,1662195969.0,,1662209099,,GBSCS   ,EGJJ,,LFMK,,PIPER PA-28-181 Cherokee Archer Ii,P28A,G-BSCS
e0a5c7,1662220039.0,,1662221699,,LVJWG   ,SADF,,SUJL,,Cirrus SR22-GTS G5 Platinum,SR22,LV-JWG
151ee3,1662231288.0,,1662248477,,SBI3017 ,UUDD,,UIII,,Airbus A321-271NX,A21N,RA-73443
800dad,1662204134.0,,1662207029,,IGO034  ,,,VIDP,,Airbus A320-271N,A20N,VT-IJK
3c61f3,1662198067.0,1662198068.0,1662209688,,AHO764N ,EGLF,EGLF,,LGSR,Legacy 650,E35L,D-AHOS
501dd1,1662215347.0,,1662216209,,CTN5J   ,,LDSP,,LDZA,DHC-8 402 NG,DH8D,9A-CQF
a5d7a2,1662219860.0,,1662222615,,UCM476  ,MU69,,MU19,,172S,,N476CM
34610b,1662217058.0,,1662218408,,AEA28JP ,LEMH,,LEPA,,ATR 72-500,AT75,EC-MZJ
75840b,1662179412.0,,1662183749,,SRQ6058 ,,,RPLL,,ATR 72 600,AT76,RP-C7280
a88467,1662168423.0,,1662172466,,QXE2586 ,KBOI,,KSMF,,ERJ 170-200 LR,,N648QX
3c49ae,1662149833.0,,1662180073,,BMW72   ,SC33,,EDDM,,,,
49d316,1662198341.0,,1662203489,,OKHKI   ,LKSB,,LKKL,,,,
a449f1,1662204913.0,,1662213584,,DAL1326 ,KFLL,,KLGA,,737-832,B738,N3759
ac4d44,1662168750.0,,1662170770,,PCM8679 ,KOAK,,KMRY,,208B,C208,N892FE
ae5718,1662190901.0,1662190812.0,1662203577,,CNV6603 ,LICC,LICZ,,LPLA,C-40A,B737,168980
ab398a,1662176645.0,,1662207228,,DAL240  ,KBOS,,,,A330-302,A333,N822NW
e491a1,1662197642.0,,1662203213,,TAM3242 ,,,,,A321 211SL,A321,PT-XPC
ad049a,1662200011.0,,1662206608,,AAL1448 ,KNGU,,KMIA,,737-823,B738,N938NN
45ab4f,1662182872.0,1662182885.0,1662193062,1662193072.0,JTD389  ,EKCH,EKCH,LEPA,LEPA,737-8U3 (W),B738,OY-JZO
a4003d,1662232616.0,,1662247606,,EJA357  ,KAPA,,KBFI,,680,C680,N357QS
a80ee4,1662160482.0,,1662164817,,N6180X  ,KLOT,,KLOT,,172S,,N6180X
841ff4,1662172268.0,,1662174716,,JAL913  ,RJTT,,,,A350-941,A359,JA08XJ
c03493,1662166115.0,,1662184519,,TSC772  ,CYUL,,CYVR,,DHC-6 Twin Otter 300,DHC6,C-FTXQ
